DateReport,geoid,RegionName,Country,pInf,AB
2022-01-29,NOR578_00_SJM,"Svalbard and Jan Mayen Islands, Norway",Norway,NA,3
2022-01-29,VAT336_00_VA,"Holy See, Holy See",Holy See,NA,3
2022-01-28,MEX484_05_05005,"Candela, Coahuila de Zaragoza, Mexico",Mexico,NA,3
2022-01-28,MEX484_05_05013,"Hidalgo, Coahuila de Zaragoza, Mexico",Mexico,NA,3
2022-01-28,MEX484_05_05034,"Sierra Mojada, Coahuila de Zaragoza, Mexico",Mexico,NA,3
2022-01-28,MEX484_07_07005,"Amatán, Chiapas, Mexico",Mexico,NA,3
2022-01-28,MEX484_07_07006,"Amatenango de la Frontera, Chiapas, Mexico",Mexico,NA,3
2022-01-28,MEX484_07_07007,"Amatenango del Valle, Chiapas, Mexico",Mexico,NA,3
2022-01-28,MEX484_07_07010,"Bejucal de Ocampo, Chiapas, Mexico",Mexico,NA,3
2022-01-28,MEX484_07_07018,"Coapilla, Chiapas, Mexico",Mexico,NA,3
2022-01-28,MEX484_07_07020,"La Concordia, Chiapas, Mexico",Mexico,NA,3
2022-01-28,MEX484_07_07022,"Chalchihuitán, Chiapas, Mexico",Mexico,NA,3
2022-01-28,MEX484_07_07023,"Chamula, Chiapas, Mexico",Mexico,NA,3
2022-01-28,MEX484_07_07024,"Chanal, Chiapas, Mexico",Mexico,NA,3
2022-01-28,MEX484_07_07026,"Chenalhó, Chiapas, Mexico",Mexico,NA,3
2022-01-28,MEX484_07_07028,"Chiapilla, Chiapas, Mexico",Mexico,NA,3
2022-01-28,MEX484_07_07030,"Chicomuselo, Chiapas, Mexico",Mexico,NA,3
2022-01-28,MEX484_07_07036,"La Grandeza, Chiapas, Mexico",Mexico,NA,3
2022-01-28,MEX484_07_07041,"La Independencia, Chiapas, Mexico",Mexico,NA,3
2022-01-28,MEX484_07_07044,"Ixtapa, Chiapas, Mexico",Mexico,NA,3
2022-01-28,MEX484_07_07049,"Larráinzar, Chiapas, Mexico",Mexico,NA,3
2022-01-28,MEX484_07_07053,"Mazapa de Madero, Chiapas, Mexico",Mexico,NA,3
2022-01-28,MEX484_07_07055,"Metapa, Chiapas, Mexico",Mexico,NA,3
2022-01-28,MEX484_07_07056,"Mitontic, Chiapas, Mexico",Mexico,NA,3
2022-01-28,MEX484_07_07057,"Motozintla, Chiapas, Mexico",Mexico,NA,3
2022-01-28,MEX484_07_07058,"Nicolás Ruíz, Chiapas, Mexico",Mexico,NA,3
2022-01-28,MEX484_07_07060,"Ocotepec, Chiapas, Mexico",Mexico,NA,3
2022-01-28,MEX484_07_07062,"Ostuacán, Chiapas, Mexico",Mexico,NA,3
2022-01-28,MEX484_07_07063,"Osumacinta, Chiapas, Mexico",Mexico,NA,3
2022-01-28,MEX484_07_07066,"Pantelhó, Chiapas, Mexico",Mexico,NA,3
2022-01-28,MEX484_07_07069,"Pijijiapan, Chiapas, Mexico",Mexico,NA,3
2022-01-28,MEX484_07_07070,"El Porvenir, Chiapas, Mexico",Mexico,NA,3
2022-01-28,MEX484_07_07072,"Pueblo Nuevo Solistahuacán, Chiapas, Mexico",Mexico,NA,3
2022-01-28,MEX484_07_07079,"San Fernando, Chiapas, Mexico",Mexico,NA,3
2022-01-28,MEX484_07_07080,"Siltepec, Chiapas, Mexico",Mexico,NA,3
2022-01-28,MEX484_07_07081,"Simojovel, Chiapas, Mexico",Mexico,NA,3
2022-01-28,MEX484_07_07082,"Sitalá, Chiapas, Mexico",Mexico,NA,3
2022-01-28,MEX484_07_07083,"Socoltenango, Chiapas, Mexico",Mexico,NA,3
2022-01-28,MEX484_07_07088,"Sunuapa, Chiapas, Mexico",Mexico,NA,3
2022-01-28,MEX484_07_07091,"Tapilula, Chiapas, Mexico",Mexico,NA,3
2022-01-28,MEX484_07_07093,"Tenejapa, Chiapas, Mexico",Mexico,NA,3
2022-01-28,MEX484_07_07098,"Totolapa, Chiapas, Mexico",Mexico,NA,3
2022-01-28,MEX484_07_07100,"Tumbalá, Chiapas, Mexico",Mexico,NA,3
2022-01-28,MEX484_07_07105,"Unión Juárez, Chiapas, Mexico",Mexico,NA,3
2022-01-28,MEX484_07_07109,"Yajalón, Chiapas, Mexico",Mexico,NA,3
2022-01-28,MEX484_07_07110,"San Lucas, Chiapas, Mexico",Mexico,NA,3
2022-01-28,MEX484_07_07111,"Zinacantán, Chiapas, Mexico",Mexico,NA,3
2022-01-28,MEX484_07_07112,"San Juan Cancuc, Chiapas, Mexico",Mexico,NA,3
2022-01-28,MEX484_07_07113,"Aldama, Chiapas, Mexico",Mexico,NA,3
2022-01-28,MEX484_07_07115,"Maravilla Tenejapa, Chiapas, Mexico",Mexico,NA,3
2022-01-28,MEX484_07_07116,"Marqués de Comillas, Chiapas, Mexico",Mexico,NA,3
2022-01-28,MEX484_07_07117,"Montecristo de Guerrero, Chiapas, Mexico",Mexico,NA,3
2022-01-28,MEX484_07_07118,"San Andrés Duraznal, Chiapas, Mexico",Mexico,NA,3
2022-01-28,MEX484_07_07119,"Santiago el Pinar, Chiapas, Mexico",Mexico,NA,3
2022-01-28,MEX484_08_08012,"Carichí, Chihuahua, Mexico",Mexico,NA,3
2022-01-28,MEX484_08_08016,"La Cruz, Chihuahua, Mexico",Mexico,NA,3
2022-01-28,MEX484_08_08025,"Gómez Farías, Chihuahua, Mexico",Mexico,NA,3
2022-01-28,MEX484_08_08034,"Ignacio Zaragoza, Chihuahua, Mexico",Mexico,NA,3
2022-01-28,MEX484_08_08051,"Ocampo, Chihuahua, Mexico",Mexico,NA,3
2022-01-28,MEX484_08_08054,"Riva Palacio, Chihuahua, Mexico",Mexico,NA,3
2022-01-28,MEX484_08_08058,"San Francisco de Conchos, Chihuahua, Mexico",Mexico,NA,3
2022-01-28,MEX484_10_10002,"Canelas, Durango, Mexico",Mexico,NA,3
2022-01-28,MEX484_10_10003,"Coneto de Comonfort, Durango, Mexico",Mexico,NA,3
2022-01-28,MEX484_10_10019,"Otáez, Durango, Mexico",Mexico,NA,3
2022-01-28,MEX484_10_10027,"San Juan de Guadalupe, Durango, Mexico",Mexico,NA,3
2022-01-28,MEX484_10_10030,"San Pedro del Gallo, Durango, Mexico",Mexico,NA,3
2022-01-28,MEX484_10_10037,"Topia, Durango, Mexico",Mexico,NA,3
2022-01-28,MEX484_12_12009,"Atlamajalcingo del Monte, Guerrero, Mexico",Mexico,NA,3
2022-01-28,MEX484_12_12016,"Coahuayutla de José María Izazaga, Guerrero, Mexico",Mexico,NA,3
2022-01-28,MEX484_12_12026,"Cuetzala del Progreso, Guerrero, Mexico",Mexico,NA,3
2022-01-28,MEX484_12_12043,"Metlatónoc, Guerrero, Mexico",Mexico,NA,3
2022-01-28,MEX484_12_12047,"Pedro Ascencio Alquisiras, Guerrero, Mexico",Mexico,NA,3
2022-01-28,MEX484_12_12079,"José Joaquín de Herrera, Guerrero, Mexico",Mexico,NA,3
2022-01-28,MEX484_14_14011,"Atengo, Jalisco, Mexico",Mexico,NA,3
2022-01-28,MEX484_14_14028,"Cuautla, Jalisco, Mexico",Mexico,NA,3
2022-01-28,MEX484_14_14032,"Chiquilistlán, Jalisco, Mexico",Mexico,NA,3
2022-01-28,MEX484_14_14048,"Jesús María, Jalisco, Mexico",Mexico,NA,3
2022-01-28,MEX484_14_14049,"Jilotlán de los Dolores, Jalisco, Mexico",Mexico,NA,3
2022-01-28,MEX484_14_14056,"Santa María del Oro, Jalisco, Mexico",Mexico,NA,3
2022-01-28,MEX484_14_14057,"La Manzanilla de la Paz, Jalisco, Mexico",Mexico,NA,3
2022-01-28,MEX484_14_14072,"San Diego de Alejandría, Jalisco, Mexico",Mexico,NA,3
2022-01-28,MEX484_14_14075,"San Marcos, Jalisco, Mexico",Mexico,NA,3
2022-01-28,MEX484_14_14081,"Santa María de los Ángeles, Jalisco, Mexico",Mexico,NA,3
2022-01-28,MEX484_14_14102,"Tonaya, Jalisco, Mexico",Mexico,NA,3
2022-01-28,MEX484_14_14112,"Valle de Juárez, Jalisco, Mexico",Mexico,NA,3
2022-01-28,MEX484_14_14125,"San Ignacio Cerro Gordo, Jalisco, Mexico",Mexico,NA,3
2022-01-28,MEX484_15_15069,"Papalotla, México, Mexico",Mexico,NA,3
2022-01-28,MEX484_15_15071,"Polotitlán, México, Mexico",Mexico,NA,3
2022-01-28,MEX484_15_15116,"Zacazonapan, México, Mexico",Mexico,NA,3
2022-01-28,MEX484_15_15117,"Zacualpan, México, Mexico",Mexico,NA,3
2022-01-28,MEX484_16_16002,"Aguililla, Michoacán de Ocampo, Mexico",Mexico,NA,3
2022-01-28,MEX484_16_16003,"Álvaro Obregón, Michoacán de Ocampo, Mexico",Mexico,NA,3
2022-01-28,MEX484_16_16004,"Angamacutiro, Michoacán de Ocampo, Mexico",Mexico,NA,3
2022-01-28,MEX484_16_16007,"Aporo, Michoacán de Ocampo, Mexico",Mexico,NA,3
2022-01-28,MEX484_16_16013,"Carácuaro, Michoacán de Ocampo, Mexico",Mexico,NA,3
2022-01-28,MEX484_16_16024,"Cherán, Michoacán de Ocampo, Mexico",Mexico,NA,3
2022-01-28,MEX484_16_16037,"Huaniqueo, Michoacán de Ocampo, Mexico",Mexico,NA,3
2022-01-28,MEX484_16_16046,"Juárez, Michoacán de Ocampo, Mexico",Mexico,NA,3
2022-01-28,MEX484_16_16047,"Jungapeo, Michoacán de Ocampo, Mexico",Mexico,NA,3
2022-01-28,MEX484_16_16056,"Nahuatzen, Michoacán de Ocampo, Mexico",Mexico,NA,3
2022-01-28,MEX484_16_16057,"Nocupétaro, Michoacán de Ocampo, Mexico",Mexico,NA,3
2022-01-28,MEX484_16_16092,"Tiquicheo de Nicolás Romero, Michoacán de Ocampo, Mexico",Mexico,NA,3
2022-01-28,MEX484_16_16096,"Tumbiscatío, Michoacán de Ocampo, Mexico",Mexico,NA,3
2022-01-28,MEX484_16_16101,"Tzitzio, Michoacán de Ocampo, Mexico",Mexico,NA,3
2022-01-28,MEX484_17_17032,"Zacualpan de Amilpas, Morelos, Mexico",Mexico,NA,3
2022-01-28,MEX484_19_19015,"Doctor Coss, Nuevo León, Mexico",Mexico,NA,3
2022-01-28,MEX484_20_20004,"Asunción Cuyotepeji, Oaxaca, Mexico",Mexico,NA,3
2022-01-28,MEX484_20_20007,"Asunción Ocotlán, Oaxaca, Mexico",Mexico,NA,3
2022-01-28,MEX484_20_20008,"Asunción Tlacolulita, Oaxaca, Mexico",Mexico,NA,3
2022-01-28,MEX484_20_20015,"Coatecas Altas, Oaxaca, Mexico",Mexico,NA,3
2022-01-28,MEX484_20_20016,"Coicoyán de las Flores, Oaxaca, Mexico",Mexico,NA,3
2022-01-28,MEX484_20_20018,"Concepción Buenavista, Oaxaca, Mexico",Mexico,NA,3
2022-01-28,MEX484_20_20019,"Concepción Pápalo, Oaxaca, Mexico",Mexico,NA,3
2022-01-28,MEX484_20_20024,"Cuyamecalco Villa de Zaragoza, Oaxaca, Mexico",Mexico,NA,3
2022-01-28,MEX484_20_20027,"Chiquihuitlán de Benito Juárez, Oaxaca, Mexico",Mexico,NA,3
2022-01-28,MEX484_20_20029,"Eloxochitlán de Flores Magón, Oaxaca, Mexico",Mexico,NA,3
2022-01-28,MEX484_20_20032,"Fresnillo de Trujano, Oaxaca, Mexico",Mexico,NA,3
2022-01-28,MEX484_20_20036,"Guevea de Humboldt, Oaxaca, Mexico",Mexico,NA,3
2022-01-28,MEX484_20_20037,"Mesones Hidalgo, Oaxaca, Mexico",Mexico,NA,3
2022-01-28,MEX484_20_20040,"Huautepec, Oaxaca, Mexico",Mexico,NA,3
2022-01-28,MEX484_20_20047,"Santa Magdalena Jicotlán, Oaxaca, Mexico",Mexico,NA,3
2022-01-28,MEX484_20_20048,"Magdalena Mixtepec, Oaxaca, Mexico",Mexico,NA,3
2022-01-28,MEX484_20_20051,"Magdalena Teitipac, Oaxaca, Mexico",Mexico,NA,3
2022-01-28,MEX484_20_20053,"Magdalena Tlacotepec, Oaxaca, Mexico",Mexico,NA,3
2022-01-28,MEX484_20_20054,"Magdalena Zahuatlán, Oaxaca, Mexico",Mexico,NA,3
2022-01-28,MEX484_20_20056,"Mártires de Tacubaya, Oaxaca, Mexico",Mexico,NA,3
2022-01-28,MEX484_20_20060,"Mixistlán de la Reforma, Oaxaca, Mexico",Mexico,NA,3
2022-01-28,MEX484_20_20062,"Natividad, Oaxaca, Mexico",Mexico,NA,3
2022-01-28,MEX484_20_20069,"La Pe, Oaxaca, Mexico",Mexico,NA,3
2022-01-28,MEX484_20_20071,"Pluma Hidalgo, Oaxaca, Mexico",Mexico,NA,3
2022-01-28,MEX484_20_20074,"Santa Catarina Quioquitani, Oaxaca, Mexico",Mexico,NA,3
2022-01-28,MEX484_20_20076,"La Reforma, Oaxaca, Mexico",Mexico,NA,3
2022-01-28,MEX484_20_20080,"San Agustín Amatengo, Oaxaca, Mexico",Mexico,NA,3
2022-01-28,MEX484_20_20081,"San Agustín Atenango, Oaxaca, Mexico",Mexico,NA,3
2022-01-28,MEX484_20_20082,"San Agustín Chayuco, Oaxaca, Mexico",Mexico,NA,3
2022-01-28,MEX484_20_20085,"San Agustín Loxicha, Oaxaca, Mexico",Mexico,NA,3
2022-01-28,MEX484_20_20086,"San Agustín Tlacotepec, Oaxaca, Mexico",Mexico,NA,3
2022-01-28,MEX484_20_20088,"San Andrés Cabecera Nueva, Oaxaca, Mexico",Mexico,NA,3
2022-01-28,MEX484_20_20093,"San Andrés Lagunas, Oaxaca, Mexico",Mexico,NA,3
2022-01-28,MEX484_20_20096,"San Andrés Sinaxtla, Oaxaca, Mexico",Mexico,NA,3
2022-01-28,MEX484_20_20097,"San Andrés Solaga, Oaxaca, Mexico",Mexico,NA,3
2022-01-28,MEX484_20_20099,"San Andrés Tepetlapa, Oaxaca, Mexico",Mexico,NA,3
2022-01-28,MEX484_20_20100,"San Andrés Yaá, Oaxaca, Mexico",Mexico,NA,3
2022-01-28,MEX484_20_20101,"San Andrés Zabache, Oaxaca, Mexico",Mexico,NA,3
2022-01-28,MEX484_20_20105,"San Antonino Monte Verde, Oaxaca, Mexico",Mexico,NA,3
2022-01-28,MEX484_20_20106,"San Antonio Acutla, Oaxaca, Mexico",Mexico,NA,3
2022-01-28,MEX484_20_20108,"San Antonio Huitepec, Oaxaca, Mexico",Mexico,NA,3
2022-01-28,MEX484_20_20109,"San Antonio Nanahuatípam, Oaxaca, Mexico",Mexico,NA,3
2022-01-28,MEX484_20_20110,"San Antonio Sinicahua, Oaxaca, Mexico",Mexico,NA,3
2022-01-28,MEX484_20_20113,"San Baltazar Loxicha, Oaxaca, Mexico",Mexico,NA,3
2022-01-28,MEX484_20_20114,"San Baltazar Yatzachi el Bajo, Oaxaca, Mexico",Mexico,NA,3
2022-01-28,MEX484_20_20116,"San Bartolomé Ayautla, Oaxaca, Mexico",Mexico,NA,3
2022-01-28,MEX484_20_20117,"San Bartolomé Loxicha, Oaxaca, Mexico",Mexico,NA,3
2022-01-28,MEX484_20_20118,"San Bartolomé Quialana, Oaxaca, Mexico",Mexico,NA,3
2022-01-28,MEX484_20_20119,"San Bartolomé Yucuañe, Oaxaca, Mexico",Mexico,NA,3
2022-01-28,MEX484_20_20120,"San Bartolomé Zoogocho, Oaxaca, Mexico",Mexico,NA,3
2022-01-28,MEX484_20_20121,"San Bartolo Soyaltepec, Oaxaca, Mexico",Mexico,NA,3
2022-01-28,MEX484_20_20122,"San Bartolo Yautepec, Oaxaca, Mexico",Mexico,NA,3
2022-01-28,MEX484_20_20123,"San Bernardo Mixtepec, Oaxaca, Mexico",Mexico,NA,3
2022-01-28,MEX484_20_20127,"San Cristóbal Amoltepec, Oaxaca, Mexico",Mexico,NA,3
2022-01-28,MEX484_20_20128,"San Cristóbal Lachirioag, Oaxaca, Mexico",Mexico,NA,3
2022-01-28,MEX484_20_20129,"San Cristóbal Suchixtlahuaca, Oaxaca, Mexico",Mexico,NA,3
2022-01-28,MEX484_20_20131,"San Dionisio Ocotepec, Oaxaca, Mexico",Mexico,NA,3
2022-01-28,MEX484_20_20133,"San Esteban Atatlahuca, Oaxaca, Mexico",Mexico,NA,3
2022-01-28,MEX484_20_20136,"San Felipe Usila, Oaxaca, Mexico",Mexico,NA,3
2022-01-28,MEX484_20_20137,"San Francisco Cahuacuá, Oaxaca, Mexico",Mexico,NA,3
2022-01-28,MEX484_20_20138,"San Francisco Cajonos, Oaxaca, Mexico",Mexico,NA,3
2022-01-28,MEX484_20_20139,"San Francisco Chapulapa, Oaxaca, Mexico",Mexico,NA,3
2022-01-28,MEX484_20_20140,"San Francisco Chindúa, Oaxaca, Mexico",Mexico,NA,3
2022-01-28,MEX484_20_20141,"San Francisco del Mar, Oaxaca, Mexico",Mexico,NA,3
2022-01-28,MEX484_20_20142,"San Francisco Huehuetlán, Oaxaca, Mexico",Mexico,NA,3
2022-01-28,MEX484_20_20143,"San Francisco Ixhuatán, Oaxaca, Mexico",Mexico,NA,3
2022-01-28,MEX484_20_20144,"San Francisco Jaltepetongo, Oaxaca, Mexico",Mexico,NA,3
2022-01-28,MEX484_20_20146,"San Francisco Logueche, Oaxaca, Mexico",Mexico,NA,3
2022-01-28,MEX484_20_20147,"San Francisco Nuxaño, Oaxaca, Mexico",Mexico,NA,3
2022-01-28,MEX484_20_20148,"San Francisco Ozolotepec, Oaxaca, Mexico",Mexico,NA,3
2022-01-28,MEX484_20_20149,"San Francisco Sola, Oaxaca, Mexico",Mexico,NA,3
2022-01-28,MEX484_20_20151,"San Francisco Teopan, Oaxaca, Mexico",Mexico,NA,3
2022-01-28,MEX484_20_20152,"San Francisco Tlapancingo, Oaxaca, Mexico",Mexico,NA,3
2022-01-28,MEX484_20_20154,"San Ildefonso Amatlán, Oaxaca, Mexico",Mexico,NA,3
2022-01-28,MEX484_20_20155,"San Ildefonso Sola, Oaxaca, Mexico",Mexico,NA,3
2022-01-28,MEX484_20_20159,"San Jerónimo Coatlán, Oaxaca, Mexico",Mexico,NA,3
2022-01-28,MEX484_20_20161,"San Jerónimo Sosola, Oaxaca, Mexico",Mexico,NA,3
2022-01-28,MEX484_20_20163,"San Jerónimo Tecóatl, Oaxaca, Mexico",Mexico,NA,3
2022-01-28,MEX484_20_20164,"San Jorge Nuchita, Oaxaca, Mexico",Mexico,NA,3
2022-01-28,MEX484_20_20168,"San José Estancia Grande, Oaxaca, Mexico",Mexico,NA,3
2022-01-28,MEX484_20_20169,"San José Independencia, Oaxaca, Mexico",Mexico,NA,3
2022-01-28,MEX484_20_20170,"San José Lachiguiri, Oaxaca, Mexico",Mexico,NA,3
2022-01-28,MEX484_20_20171,"San José Tenango, Oaxaca, Mexico",Mexico,NA,3
2022-01-28,MEX484_20_20175,"San Juan Bautista Atatlahuca, Oaxaca, Mexico",Mexico,NA,3
2022-01-28,MEX484_20_20176,"San Juan Bautista Coixtlahuaca, Oaxaca, Mexico",Mexico,NA,3
2022-01-28,MEX484_20_20179,"San Juan Bautista Jayacatlán, Oaxaca, Mexico",Mexico,NA,3
2022-01-28,MEX484_20_20180,"San Juan Bautista Lo de Soto, Oaxaca, Mexico",Mexico,NA,3
2022-01-28,MEX484_20_20181,"San Juan Bautista Suchitepec, Oaxaca, Mexico",Mexico,NA,3
2022-01-28,MEX484_20_20182,"San Juan Bautista Tlacoatzintepec, Oaxaca, Mexico",Mexico,NA,3
2022-01-28,MEX484_20_20183,"San Juan Bautista Tlachichilco, Oaxaca, Mexico",Mexico,NA,3
2022-01-28,MEX484_20_20186,"San Juan Cieneguilla, Oaxaca, Mexico",Mexico,NA,3
2022-01-28,MEX484_20_20187,"San Juan Coatzóspam, Oaxaca, Mexico",Mexico,NA,3
2022-01-28,MEX484_20_20189,"San Juan Comaltepec, Oaxaca, Mexico",Mexico,NA,3
2022-01-28,MEX484_20_20191,"San Juan Chicomezúchil, Oaxaca, Mexico",Mexico,NA,3
2022-01-28,MEX484_20_20193,"San Juan del Estado, Oaxaca, Mexico",Mexico,NA,3
2022-01-28,MEX484_20_20194,"San Juan del Río, Oaxaca, Mexico",Mexico,NA,3
2022-01-28,MEX484_20_20195,"San Juan Diuxi, Oaxaca, Mexico",Mexico,NA,3
2022-01-28,MEX484_20_20199,"San Juan Ihualtepec, Oaxaca, Mexico",Mexico,NA,3
2022-01-28,MEX484_20_20200,"San Juan Juquila Mixes, Oaxaca, Mexico",Mexico,NA,3
2022-01-28,MEX484_20_20201,"San Juan Juquila Vijanos, Oaxaca, Mexico",Mexico,NA,3
2022-01-28,MEX484_20_20202,"San Juan Lachao, Oaxaca, Mexico",Mexico,NA,3
2022-01-28,MEX484_20_20203,"San Juan Lachigalla, Oaxaca, Mexico",Mexico,NA,3
2022-01-28,MEX484_20_20204,"San Juan Lajarcia, Oaxaca, Mexico",Mexico,NA,3
2022-01-28,MEX484_20_20205,"San Juan Lalana, Oaxaca, Mexico",Mexico,NA,3
2022-01-28,MEX484_20_20206,"San Juan de los Cués, Oaxaca, Mexico",Mexico,NA,3
2022-01-28,MEX484_20_20207,"San Juan Mazatlán, Oaxaca, Mexico",Mexico,NA,3
2022-01-28,MEX484_20_20209,"San Juan Mixtepec, Oaxaca, Mexico",Mexico,NA,3
2022-01-28,MEX484_20_20210,"San Juan Ñumí, Oaxaca, Mexico",Mexico,NA,3
2022-01-28,MEX484_20_20212,"San Juan Petlapa, Oaxaca, Mexico",Mexico,NA,3
2022-01-28,MEX484_20_20216,"San Juan Tabaá, Oaxaca, Mexico",Mexico,NA,3
2022-01-28,MEX484_20_20217,"San Juan Tamazola, Oaxaca, Mexico",Mexico,NA,3
2022-01-28,MEX484_20_20218,"San Juan Teita, Oaxaca, Mexico",Mexico,NA,3
2022-01-28,MEX484_20_20219,"San Juan Teitipac, Oaxaca, Mexico",Mexico,NA,3
2022-01-28,MEX484_20_20220,"San Juan Tepeuxila, Oaxaca, Mexico",Mexico,NA,3
2022-01-28,MEX484_20_20221,"San Juan Teposcolula, Oaxaca, Mexico",Mexico,NA,3
2022-01-28,MEX484_20_20222,"San Juan Yaeé, Oaxaca, Mexico",Mexico,NA,3
2022-01-28,MEX484_20_20223,"San Juan Yatzona, Oaxaca, Mexico",Mexico,NA,3
2022-01-28,MEX484_20_20224,"San Juan Yucuita, Oaxaca, Mexico",Mexico,NA,3
2022-01-28,MEX484_20_20226,"San Lorenzo Albarradas, Oaxaca, Mexico",Mexico,NA,3
2022-01-28,MEX484_20_20228,"San Lorenzo Cuaunecuiltitla, Oaxaca, Mexico",Mexico,NA,3
2022-01-28,MEX484_20_20229,"San Lorenzo Texmelúcan, Oaxaca, Mexico",Mexico,NA,3
2022-01-28,MEX484_20_20231,"San Lucas Camotlán, Oaxaca, Mexico",Mexico,NA,3
2022-01-28,MEX484_20_20233,"San Lucas Quiaviní, Oaxaca, Mexico",Mexico,NA,3
2022-01-28,MEX484_20_20234,"San Lucas Zoquiápam, Oaxaca, Mexico",Mexico,NA,3
2022-01-28,MEX484_20_20236,"San Marcial Ozolotepec, Oaxaca, Mexico",Mexico,NA,3
2022-01-28,MEX484_20_20240,"San Martín Itunyoso, Oaxaca, Mexico",Mexico,NA,3
2022-01-28,MEX484_20_20241,"San Martín Lachilá, Oaxaca, Mexico",Mexico,NA,3
2022-01-28,MEX484_20_20242,"San Martín Peras, Oaxaca, Mexico",Mexico,NA,3
2022-01-28,MEX484_20_20244,"San Martín Toxpalan, Oaxaca, Mexico",Mexico,NA,3
2022-01-28,MEX484_20_20245,"San Martín Zacatepec, Oaxaca, Mexico",Mexico,NA,3
2022-01-28,MEX484_20_20246,"San Mateo Cajonos, Oaxaca, Mexico",Mexico,NA,3
2022-01-28,MEX484_20_20250,"San Mateo Etlatongo, Oaxaca, Mexico",Mexico,NA,3
2022-01-28,MEX484_20_20251,"San Mateo Nejápam, Oaxaca, Mexico",Mexico,NA,3
2022-01-28,MEX484_20_20252,"San Mateo Peñasco, Oaxaca, Mexico",Mexico,NA,3
2022-01-28,MEX484_20_20253,"San Mateo Piñas, Oaxaca, Mexico",Mexico,NA,3
2022-01-28,MEX484_20_20255,"San Mateo Sindihui, Oaxaca, Mexico",Mexico,NA,3
2022-01-28,MEX484_20_20256,"San Mateo Tlapiltepec, Oaxaca, Mexico",Mexico,NA,3
2022-01-28,MEX484_20_20257,"San Melchor Betaza, Oaxaca, Mexico",Mexico,NA,3
2022-01-28,MEX484_20_20258,"San Miguel Achiutla, Oaxaca, Mexico",Mexico,NA,3
2022-01-28,MEX484_20_20259,"San Miguel Ahuehuetitlán, Oaxaca, Mexico",Mexico,NA,3
2022-01-28,MEX484_20_20260,"San Miguel Aloápam, Oaxaca, Mexico",Mexico,NA,3
2022-01-28,MEX484_20_20261,"San Miguel Amatitlán, Oaxaca, Mexico",Mexico,NA,3
2022-01-28,MEX484_20_20262,"San Miguel Amatlán, Oaxaca, Mexico",Mexico,NA,3
2022-01-28,MEX484_20_20263,"San Miguel Coatlán, Oaxaca, Mexico",Mexico,NA,3
2022-01-28,MEX484_20_20264,"San Miguel Chicahua, Oaxaca, Mexico",Mexico,NA,3
2022-01-28,MEX484_20_20265,"San Miguel Chimalapa, Oaxaca, Mexico",Mexico,NA,3
2022-01-28,MEX484_20_20268,"San Miguel Ejutla, Oaxaca, Mexico",Mexico,NA,3
2022-01-28,MEX484_20_20269,"San Miguel el Grande, Oaxaca, Mexico",Mexico,NA,3
2022-01-28,MEX484_20_20270,"San Miguel Huautla, Oaxaca, Mexico",Mexico,NA,3
2022-01-28,MEX484_20_20271,"San Miguel Mixtepec, Oaxaca, Mexico",Mexico,NA,3
2022-01-28,MEX484_20_20272,"San Miguel Panixtlahuaca, Oaxaca, Mexico",Mexico,NA,3
2022-01-28,MEX484_20_20274,"San Miguel Piedras, Oaxaca, Mexico",Mexico,NA,3
2022-01-28,MEX484_20_20275,"San Miguel Quetzaltepec, Oaxaca, Mexico",Mexico,NA,3
2022-01-28,MEX484_20_20276,"San Miguel Santa Flor, Oaxaca, Mexico",Mexico,NA,3
2022-01-28,MEX484_20_20278,"San Miguel Soyaltepec, Oaxaca, Mexico",Mexico,NA,3
2022-01-28,MEX484_20_20281,"San Miguel Tecomatlán, Oaxaca, Mexico",Mexico,NA,3
2022-01-28,MEX484_20_20282,"San Miguel Tenango, Oaxaca, Mexico",Mexico,NA,3
2022-01-28,MEX484_20_20283,"San Miguel Tequixtepec, Oaxaca, Mexico",Mexico,NA,3
2022-01-28,MEX484_20_20284,"San Miguel Tilquiápam, Oaxaca, Mexico",Mexico,NA,3
2022-01-28,MEX484_20_20285,"San Miguel Tlacamama, Oaxaca, Mexico",Mexico,NA,3
2022-01-28,MEX484_20_20287,"San Miguel Tulancingo, Oaxaca, Mexico",Mexico,NA,3
2022-01-28,MEX484_20_20288,"San Miguel Yotao, Oaxaca, Mexico",Mexico,NA,3
2022-01-28,MEX484_20_20290,"San Nicolás Hidalgo, Oaxaca, Mexico",Mexico,NA,3
2022-01-28,MEX484_20_20291,"San Pablo Coatlán, Oaxaca, Mexico",Mexico,NA,3
2022-01-28,MEX484_20_20292,"San Pablo Cuatro Venados, Oaxaca, Mexico",Mexico,NA,3
2022-01-28,MEX484_20_20297,"San Pablo Tijaltepec, Oaxaca, Mexico",Mexico,NA,3
2022-01-28,MEX484_20_20299,"San Pablo Yaganiza, Oaxaca, Mexico",Mexico,NA,3
2022-01-28,MEX484_20_20300,"San Pedro Amuzgos, Oaxaca, Mexico",Mexico,NA,3
2022-01-28,MEX484_20_20302,"San Pedro Atoyac, Oaxaca, Mexico",Mexico,NA,3
2022-01-28,MEX484_20_20303,"San Pedro Cajonos, Oaxaca, Mexico",Mexico,NA,3
2022-01-28,MEX484_20_20304,"San Pedro Coxcaltepec Cántaros, Oaxaca, Mexico",Mexico,NA,3
2022-01-28,MEX484_20_20306,"San Pedro el Alto, Oaxaca, Mexico",Mexico,NA,3
2022-01-28,MEX484_20_20309,"San Pedro Ixcatlán, Oaxaca, Mexico",Mexico,NA,3
2022-01-28,MEX484_20_20311,"San Pedro Jaltepetongo, Oaxaca, Mexico",Mexico,NA,3
2022-01-28,MEX484_20_20313,"San Pedro Jocotipac, Oaxaca, Mexico",Mexico,NA,3
2022-01-28,MEX484_20_20316,"San Pedro Mártir Quiechapa, Oaxaca, Mexico",Mexico,NA,3
2022-01-28,MEX484_20_20317,"San Pedro Mártir Yucuxaco, Oaxaca, Mexico",Mexico,NA,3
2022-01-28,MEX484_20_20319,"San Pedro Mixtepec, Oaxaca, Mexico",Mexico,NA,3
2022-01-28,MEX484_20_20320,"San Pedro Molinos, Oaxaca, Mexico",Mexico,NA,3
2022-01-28,MEX484_20_20321,"San Pedro Nopala, Oaxaca, Mexico",Mexico,NA,3
2022-01-28,MEX484_20_20322,"San Pedro Ocopetatillo, Oaxaca, Mexico",Mexico,NA,3
2022-01-28,MEX484_20_20323,"San Pedro Ocotepec, Oaxaca, Mexico",Mexico,NA,3
2022-01-28,MEX484_20_20325,"San Pedro Quiatoni, Oaxaca, Mexico",Mexico,NA,3
2022-01-28,MEX484_20_20326,"San Pedro Sochiápam, Oaxaca, Mexico",Mexico,NA,3
2022-01-28,MEX484_20_20328,"San Pedro Taviche, Oaxaca, Mexico",Mexico,NA,3
2022-01-28,MEX484_20_20329,"San Pedro Teozacoalco, Oaxaca, Mexico",Mexico,NA,3
2022-01-28,MEX484_20_20330,"San Pedro Teutila, Oaxaca, Mexico",Mexico,NA,3
2022-01-28,MEX484_20_20331,"San Pedro Tidaá, Oaxaca, Mexico",Mexico,NA,3
2022-01-28,MEX484_20_20332,"San Pedro Topiltepec, Oaxaca, Mexico",Mexico,NA,3
2022-01-28,MEX484_20_20335,"San Pedro Yaneri, Oaxaca, Mexico",Mexico,NA,3
2022-01-28,MEX484_20_20336,"San Pedro Yólox, Oaxaca, Mexico",Mexico,NA,3
2022-01-28,MEX484_20_20339,"San Pedro y San Pablo Teposcolula, Oaxaca, Mexico",Mexico,NA,3
2022-01-28,MEX484_20_20340,"San Pedro y San Pablo Tequixtepec, Oaxaca, Mexico",Mexico,NA,3
2022-01-28,MEX484_20_20341,"San Pedro Yucunama, Oaxaca, Mexico",Mexico,NA,3
2022-01-28,MEX484_20_20345,"San Sebastián Ixcapa, Oaxaca, Mexico",Mexico,NA,3
2022-01-28,MEX484_20_20346,"San Sebastián Nicananduta, Oaxaca, Mexico",Mexico,NA,3
2022-01-28,MEX484_20_20352,"San Simón Zahuatlán, Oaxaca, Mexico",Mexico,NA,3
2022-01-28,MEX484_20_20353,"Santa Ana, Oaxaca, Mexico",Mexico,NA,3
2022-01-28,MEX484_20_20354,"Santa Ana Ateixtlahuaca, Oaxaca, Mexico",Mexico,NA,3
2022-01-28,MEX484_20_20355,"Santa Ana Cuauhtémoc, Oaxaca, Mexico",Mexico,NA,3
2022-01-28,MEX484_20_20357,"Santa Ana Tavela, Oaxaca, Mexico",Mexico,NA,3
2022-01-28,MEX484_20_20358,"Santa Ana Tlapacoyan, Oaxaca, Mexico",Mexico,NA,3
2022-01-28,MEX484_20_20359,"Santa Ana Yareni, Oaxaca, Mexico",Mexico,NA,3
2022-01-28,MEX484_20_20361,"Santa Catalina Quierí, Oaxaca, Mexico",Mexico,NA,3
2022-01-28,MEX484_20_20363,"Santa Catarina Ixtepeji, Oaxaca, Mexico",Mexico,NA,3
2022-01-28,MEX484_20_20365,"Santa Catarina Lachatao, Oaxaca, Mexico",Mexico,NA,3
2022-01-28,MEX484_20_20371,"Santa Catarina Ticuá, Oaxaca, Mexico",Mexico,NA,3
2022-01-28,MEX484_20_20373,"Santa Catarina Zapoquila, Oaxaca, Mexico",Mexico,NA,3
2022-01-28,MEX484_20_20374,"Santa Cruz Acatepec, Oaxaca, Mexico",Mexico,NA,3
2022-01-28,MEX484_20_20376,"Santa Cruz de Bravo, Oaxaca, Mexico",Mexico,NA,3
2022-01-28,MEX484_20_20377,"Santa Cruz Itundujia, Oaxaca, Mexico",Mexico,NA,3
2022-01-28,MEX484_20_20378,"Santa Cruz Mixtepec, Oaxaca, Mexico",Mexico,NA,3
2022-01-28,MEX484_20_20379,"Santa Cruz Nundaco, Oaxaca, Mexico",Mexico,NA,3
2022-01-28,MEX484_20_20380,"Santa Cruz Papalutla, Oaxaca, Mexico",Mexico,NA,3
2022-01-28,MEX484_20_20382,"Santa Cruz Tacahua, Oaxaca, Mexico",Mexico,NA,3
2022-01-28,MEX484_20_20383,"Santa Cruz Tayata, Oaxaca, Mexico",Mexico,NA,3
2022-01-28,MEX484_20_20389,"Santa Inés Yatzeche, Oaxaca, Mexico",Mexico,NA,3
2022-01-28,MEX484_20_20391,"Santa Lucía Miahuatlán, Oaxaca, Mexico",Mexico,NA,3
2022-01-28,MEX484_20_20392,"Santa Lucía Monteverde, Oaxaca, Mexico",Mexico,NA,3
2022-01-28,MEX484_20_20394,"Santa María Alotepec, Oaxaca, Mexico",Mexico,NA,3
2022-01-28,MEX484_20_20395,"Santa María Apazco, Oaxaca, Mexico",Mexico,NA,3
2022-01-28,MEX484_20_20396,"Santa María la Asunción, Oaxaca, Mexico",Mexico,NA,3
2022-01-28,MEX484_20_20400,"Santa María Camotlán, Oaxaca, Mexico",Mexico,NA,3
2022-01-28,MEX484_20_20402,"Santa María Cortijo, Oaxaca, Mexico",Mexico,NA,3
2022-01-28,MEX484_20_20404,"Santa María Chachoápam, Oaxaca, Mexico",Mexico,NA,3
2022-01-28,MEX484_20_20405,"Villa de Chilapa de Díaz, Oaxaca, Mexico",Mexico,NA,3
2022-01-28,MEX484_20_20407,"Santa María Chimalapa, Oaxaca, Mexico",Mexico,NA,3
2022-01-28,MEX484_20_20408,"Santa María del Rosario, Oaxaca, Mexico",Mexico,NA,3
2022-01-28,MEX484_20_20412,"Santa María Guienagati, Oaxaca, Mexico",Mexico,NA,3
2022-01-28,MEX484_20_20414,"Santa María Huazolotitlán, Oaxaca, Mexico",Mexico,NA,3
2022-01-28,MEX484_20_20415,"Santa María Ipalapa, Oaxaca, Mexico",Mexico,NA,3
2022-01-28,MEX484_20_20416,"Santa María Ixcatlán, Oaxaca, Mexico",Mexico,NA,3
2022-01-28,MEX484_20_20419,"Santa María Jaltianguis, Oaxaca, Mexico",Mexico,NA,3
2022-01-28,MEX484_20_20420,"Santa María Lachixío, Oaxaca, Mexico",Mexico,NA,3
2022-01-28,MEX484_20_20422,"Santa María Nativitas, Oaxaca, Mexico",Mexico,NA,3
2022-01-28,MEX484_20_20423,"Santa María Nduayaco, Oaxaca, Mexico",Mexico,NA,3
2022-01-28,MEX484_20_20424,"Santa María Ozolotepec, Oaxaca, Mexico",Mexico,NA,3
2022-01-28,MEX484_20_20425,"Santa María Pápalo, Oaxaca, Mexico",Mexico,NA,3
2022-01-28,MEX484_20_20428,"Santa María Quiegolani, Oaxaca, Mexico",Mexico,NA,3
2022-01-28,MEX484_20_20429,"Santa María Sola, Oaxaca, Mexico",Mexico,NA,3
2022-01-28,MEX484_20_20430,"Santa María Tataltepec, Oaxaca, Mexico",Mexico,NA,3
2022-01-28,MEX484_20_20431,"Santa María Tecomavaca, Oaxaca, Mexico",Mexico,NA,3
2022-01-28,MEX484_20_20432,"Santa María Temaxcalapa, Oaxaca, Mexico",Mexico,NA,3
2022-01-28,MEX484_20_20433,"Santa María Temaxcaltepec, Oaxaca, Mexico",Mexico,NA,3
2022-01-28,MEX484_20_20434,"Santa María Teopoxco, Oaxaca, Mexico",Mexico,NA,3
2022-01-28,MEX484_20_20435,"Santa María Tepantlali, Oaxaca, Mexico",Mexico,NA,3
2022-01-28,MEX484_20_20436,"Santa María Texcatitlán, Oaxaca, Mexico",Mexico,NA,3
2022-01-28,MEX484_20_20437,"Santa María Tlahuitoltepec, Oaxaca, Mexico",Mexico,NA,3
2022-01-28,MEX484_20_20438,"Santa María Tlalixtac, Oaxaca, Mexico",Mexico,NA,3
2022-01-28,MEX484_20_20440,"Santa María Totolapilla, Oaxaca, Mexico",Mexico,NA,3
2022-01-28,MEX484_20_20442,"Santa María Yalina, Oaxaca, Mexico",Mexico,NA,3
2022-01-28,MEX484_20_20443,"Santa María Yavesía, Oaxaca, Mexico",Mexico,NA,3
2022-01-28,MEX484_20_20444,"Santa María Yolotepec, Oaxaca, Mexico",Mexico,NA,3
2022-01-28,MEX484_20_20445,"Santa María Yosoyúa, Oaxaca, Mexico",Mexico,NA,3
2022-01-28,MEX484_20_20447,"Santa María Zacatepec, Oaxaca, Mexico",Mexico,NA,3
2022-01-28,MEX484_20_20448,"Santa María Zaniza, Oaxaca, Mexico",Mexico,NA,3
2022-01-28,MEX484_20_20451,"Santiago Apoala, Oaxaca, Mexico",Mexico,NA,3
2022-01-28,MEX484_20_20453,"Santiago Astata, Oaxaca, Mexico",Mexico,NA,3
2022-01-28,MEX484_20_20454,"Santiago Atitlán, Oaxaca, Mexico",Mexico,NA,3
2022-01-28,MEX484_20_20455,"Santiago Ayuquililla, Oaxaca, Mexico",Mexico,NA,3
2022-01-28,MEX484_20_20457,"Santiago Camotlán, Oaxaca, Mexico",Mexico,NA,3
2022-01-28,MEX484_20_20458,"Santiago Comaltepec, Oaxaca, Mexico",Mexico,NA,3
2022-01-28,MEX484_20_20460,"Santiago Choápam, Oaxaca, Mexico",Mexico,NA,3
2022-01-28,MEX484_20_20461,"Santiago del Río, Oaxaca, Mexico",Mexico,NA,3
2022-01-28,MEX484_20_20463,"Santiago Huauclilla, Oaxaca, Mexico",Mexico,NA,3
2022-01-28,MEX484_20_20464,"Santiago Ihuitlán Plumas, Oaxaca, Mexico",Mexico,NA,3
2022-01-28,MEX484_20_20465,"Santiago Ixcuintepec, Oaxaca, Mexico",Mexico,NA,3
2022-01-28,MEX484_20_20470,"Santiago Lachiguiri, Oaxaca, Mexico",Mexico,NA,3
2022-01-28,MEX484_20_20471,"Santiago Lalopa, Oaxaca, Mexico",Mexico,NA,3
2022-01-28,MEX484_20_20473,"Santiago Laxopa, Oaxaca, Mexico",Mexico,NA,3
2022-01-28,MEX484_20_20474,"Santiago Llano Grande, Oaxaca, Mexico",Mexico,NA,3
2022-01-28,MEX484_20_20475,"Santiago Matatlán, Oaxaca, Mexico",Mexico,NA,3
2022-01-28,MEX484_20_20476,"Santiago Miltepec, Oaxaca, Mexico",Mexico,NA,3
2022-01-28,MEX484_20_20477,"Santiago Minas, Oaxaca, Mexico",Mexico,NA,3
2022-01-28,MEX484_20_20478,"Santiago Nacaltepec, Oaxaca, Mexico",Mexico,NA,3
2022-01-28,MEX484_20_20479,"Santiago Nejapilla, Oaxaca, Mexico",Mexico,NA,3
2022-01-28,MEX484_20_20480,"Santiago Nundiche, Oaxaca, Mexico",Mexico,NA,3
2022-01-28,MEX484_20_20481,"Santiago Nuyoó, Oaxaca, Mexico",Mexico,NA,3
2022-01-28,MEX484_20_20484,"Santiago Tamazola, Oaxaca, Mexico",Mexico,NA,3
2022-01-28,MEX484_20_20487,"Santiago Tenango, Oaxaca, Mexico",Mexico,NA,3
2022-01-28,MEX484_20_20488,"Santiago Tepetlapa, Oaxaca, Mexico",Mexico,NA,3
2022-01-28,MEX484_20_20489,"Santiago Tetepec, Oaxaca, Mexico",Mexico,NA,3
2022-01-28,MEX484_20_20490,"Santiago Texcalcingo, Oaxaca, Mexico",Mexico,NA,3
2022-01-28,MEX484_20_20491,"Santiago Textitlán, Oaxaca, Mexico",Mexico,NA,3
2022-01-28,MEX484_20_20492,"Santiago Tilantongo, Oaxaca, Mexico",Mexico,NA,3
2022-01-28,MEX484_20_20493,"Santiago Tillo, Oaxaca, Mexico",Mexico,NA,3
2022-01-28,MEX484_20_20494,"Santiago Tlazoyaltepec, Oaxaca, Mexico",Mexico,NA,3
2022-01-28,MEX484_20_20495,"Santiago Xanica, Oaxaca, Mexico",Mexico,NA,3
2022-01-28,MEX484_20_20496,"Santiago Xiacuí, Oaxaca, Mexico",Mexico,NA,3
2022-01-28,MEX484_20_20497,"Santiago Yaitepec, Oaxaca, Mexico",Mexico,NA,3
2022-01-28,MEX484_20_20500,"Santiago Yosondúa, Oaxaca, Mexico",Mexico,NA,3
2022-01-28,MEX484_20_20501,"Santiago Yucuyachi, Oaxaca, Mexico",Mexico,NA,3
2022-01-28,MEX484_20_20502,"Santiago Zacatepec, Oaxaca, Mexico",Mexico,NA,3
2022-01-28,MEX484_20_20503,"Santiago Zoochila, Oaxaca, Mexico",Mexico,NA,3
2022-01-28,MEX484_20_20506,"Santo Domingo Albarradas, Oaxaca, Mexico",Mexico,NA,3
2022-01-28,MEX484_20_20507,"Santo Domingo Armenta, Oaxaca, Mexico",Mexico,NA,3
2022-01-28,MEX484_20_20509,"Santo Domingo de Morelos, Oaxaca, Mexico",Mexico,NA,3
2022-01-28,MEX484_20_20511,"Santo Domingo Nuxaá, Oaxaca, Mexico",Mexico,NA,3
2022-01-28,MEX484_20_20512,"Santo Domingo Ozolotepec, Oaxaca, Mexico",Mexico,NA,3
2022-01-28,MEX484_20_20514,"Santo Domingo Roayaga, Oaxaca, Mexico",Mexico,NA,3
2022-01-28,MEX484_20_20518,"Santo Domingo Tlatayápam, Oaxaca, Mexico",Mexico,NA,3
2022-01-28,MEX484_20_20521,"Santo Domingo Tonaltepec, Oaxaca, Mexico",Mexico,NA,3
2022-01-28,MEX484_20_20522,"Santo Domingo Xagacía, Oaxaca, Mexico",Mexico,NA,3
2022-01-28,MEX484_20_20523,"Santo Domingo Yanhuitlán, Oaxaca, Mexico",Mexico,NA,3
2022-01-28,MEX484_20_20524,"Santo Domingo Yodohino, Oaxaca, Mexico",Mexico,NA,3
2022-01-28,MEX484_20_20527,"Santos Reyes Pápalo, Oaxaca, Mexico",Mexico,NA,3
2022-01-28,MEX484_20_20528,"Santos Reyes Tepejillo, Oaxaca, Mexico",Mexico,NA,3
2022-01-28,MEX484_20_20532,"Santo Tomás Ocotepec, Oaxaca, Mexico",Mexico,NA,3
2022-01-28,MEX484_20_20535,"San Vicente Lachixío, Oaxaca, Mexico",Mexico,NA,3
2022-01-28,MEX484_20_20536,"San Vicente Nuñú, Oaxaca, Mexico",Mexico,NA,3
2022-01-28,MEX484_20_20538,"Sitio de Xitlapehua, Oaxaca, Mexico",Mexico,NA,3
2022-01-28,MEX484_20_20541,"Tanetze de Zaragoza, Oaxaca, Mexico",Mexico,NA,3
2022-01-28,MEX484_20_20542,"Taniche, Oaxaca, Mexico",Mexico,NA,3
2022-01-28,MEX484_20_20543,"Tataltepec de Valdés, Oaxaca, Mexico",Mexico,NA,3
2022-01-28,MEX484_20_20544,"Teococuilco de Marcos Pérez, Oaxaca, Mexico",Mexico,NA,3
2022-01-28,MEX484_20_20547,"Teotongo, Oaxaca, Mexico",Mexico,NA,3
2022-01-28,MEX484_20_20548,"Tepelmeme Villa de Morelos, Oaxaca, Mexico",Mexico,NA,3
2022-01-28,MEX484_20_20552,"Tlacotepec Plumas, Oaxaca, Mexico",Mexico,NA,3
2022-01-28,MEX484_20_20554,"Totontepec Villa de Morelos, Oaxaca, Mexico",Mexico,NA,3
2022-01-28,MEX484_20_20556,"La Trinidad Vista Hermosa, Oaxaca, Mexico",Mexico,NA,3
2022-01-28,MEX484_20_20562,"Magdalena Yodocono de Porfirio Díaz, Oaxaca, Mexico",Mexico,NA,3
2022-01-28,MEX484_20_20563,"Yogana, Oaxaca, Mexico",Mexico,NA,3
2022-01-28,MEX484_20_20564,"Yutanduchi de Guerrero, Oaxaca, Mexico",Mexico,NA,3
2022-01-28,MEX484_20_20566,"San Mateo Yucutindoo, Oaxaca, Mexico",Mexico,NA,3
2022-01-28,MEX484_20_20568,"Zapotitlán Palmas, Oaxaca, Mexico",Mexico,NA,3
2022-01-28,MEX484_20_20569,"Santa Inés de Zaragoza, Oaxaca, Mexico",Mexico,NA,3
2022-01-28,MEX484_21_21006,"Ahuacatlán, Puebla, Mexico",Mexico,NA,3
2022-01-28,MEX484_21_21007,"Ahuatlán, Puebla, Mexico",Mexico,NA,3
2022-01-28,MEX484_21_21014,"Amixtlán, Puebla, Mexico",Mexico,NA,3
2022-01-28,MEX484_21_21016,"Aquixtla, Puebla, Mexico",Mexico,NA,3
2022-01-28,MEX484_21_21021,"Atzala, Puebla, Mexico",Mexico,NA,3
2022-01-28,MEX484_21_21024,"Axutla, Puebla, Mexico",Mexico,NA,3
2022-01-28,MEX484_21_21027,"Caltepec, Puebla, Mexico",Mexico,NA,3
2022-01-28,MEX484_21_21028,"Camocuautla, Puebla, Mexico",Mexico,NA,3
2022-01-28,MEX484_21_21029,"Caxhuacan, Puebla, Mexico",Mexico,NA,3
2022-01-28,MEX484_21_21032,"Cohetzala, Puebla, Mexico",Mexico,NA,3
2022-01-28,MEX484_21_21033,"Cohuecan, Puebla, Mexico",Mexico,NA,3
2022-01-28,MEX484_21_21039,"Cuautempan, Puebla, Mexico",Mexico,NA,3
2022-01-28,MEX484_21_21042,"Cuayuca de Andrade, Puebla, Mexico",Mexico,NA,3
2022-01-28,MEX484_21_21055,"Chila, Puebla, Mexico",Mexico,NA,3
2022-01-28,MEX484_21_21056,"Chila de la Sal, Puebla, Mexico",Mexico,NA,3
2022-01-28,MEX484_21_21057,"Honey, Puebla, Mexico",Mexico,NA,3
2022-01-28,MEX484_21_21059,"Chinantla, Puebla, Mexico",Mexico,NA,3
2022-01-28,MEX484_21_21061,"Eloxochitlán, Puebla, Mexico",Mexico,NA,3
2022-01-28,MEX484_21_21064,"Francisco Z. Mena, Puebla, Mexico",Mexico,NA,3
2022-01-28,MEX484_21_21077,"Hueytlalpan, Puebla, Mexico",Mexico,NA,3
2022-01-28,MEX484_21_21079,"Huitziltepec, Puebla, Mexico",Mexico,NA,3
2022-01-28,MEX484_21_21084,"Ixtepec, Puebla, Mexico",Mexico,NA,3
2022-01-28,MEX484_21_21088,"Jonotla, Puebla, Mexico",Mexico,NA,3
2022-01-28,MEX484_21_21089,"Jopala, Puebla, Mexico",Mexico,NA,3
2022-01-28,MEX484_21_21093,"Lafragua, Puebla, Mexico",Mexico,NA,3
2022-01-28,MEX484_21_21095,"La Magdalena Tlatlauquitepec, Puebla, Mexico",Mexico,NA,3
2022-01-28,MEX484_21_21096,"Mazapiltepec de Juárez, Puebla, Mexico",Mexico,NA,3
2022-01-28,MEX484_21_21101,"Nauzontla, Puebla, Mexico",Mexico,NA,3
2022-01-28,MEX484_21_21102,"Nealtican, Puebla, Mexico",Mexico,NA,3
2022-01-28,MEX484_21_21103,"Nicolás Bravo, Puebla, Mexico",Mexico,NA,3
2022-01-28,MEX484_21_21107,"Olintla, Puebla, Mexico",Mexico,NA,3
2022-01-28,MEX484_21_21118,"Los Reyes de Juárez, Puebla, Mexico",Mexico,NA,3
2022-01-28,MEX484_21_21120,"San Antonio Cañada, Puebla, Mexico",Mexico,NA,3
2022-01-28,MEX484_21_21121,"San Diego la Mesa Tochimiltzingo, Puebla, Mexico",Mexico,NA,3
2022-01-28,MEX484_21_21123,"San Felipe Tepatlán, Puebla, Mexico",Mexico,NA,3
2022-01-28,MEX484_21_21131,"San Juan Atzompa, Puebla, Mexico",Mexico,NA,3
2022-01-28,MEX484_21_21133,"San Martín Totoltepec, Puebla, Mexico",Mexico,NA,3
2022-01-28,MEX484_21_21135,"San Miguel Ixitlán, Puebla, Mexico",Mexico,NA,3
2022-01-28,MEX484_21_21136,"San Miguel Xoxtla, Puebla, Mexico",Mexico,NA,3
2022-01-28,MEX484_21_21138,"San Nicolás de los Ranchos, Puebla, Mexico",Mexico,NA,3
2022-01-28,MEX484_21_21144,"San Salvador Huixcolotla, Puebla, Mexico",Mexico,NA,3
2022-01-28,MEX484_21_21145,"San Sebastián Tlacotepec, Puebla, Mexico",Mexico,NA,3
2022-01-28,MEX484_21_21146,"Santa Catarina Tlaltempan, Puebla, Mexico",Mexico,NA,3
2022-01-28,MEX484_21_21150,"Huehuetlán el Grande, Puebla, Mexico",Mexico,NA,3
2022-01-28,MEX484_21_21152,"Soltepec, Puebla, Mexico",Mexico,NA,3
2022-01-28,MEX484_21_21159,"Teopantlán, Puebla, Mexico",Mexico,NA,3
2022-01-28,MEX484_21_21165,"Tepemaxalco, Puebla, Mexico",Mexico,NA,3
2022-01-28,MEX484_21_21167,"Tepetzintla, Puebla, Mexico",Mexico,NA,3
2022-01-28,MEX484_21_21168,"Tepexco, Puebla, Mexico",Mexico,NA,3
2022-01-28,MEX484_21_21182,"Tlanepantla, Puebla, Mexico",Mexico,NA,3
2022-01-28,MEX484_21_21184,"Tlapacoya, Puebla, Mexico",Mexico,NA,3
2022-01-28,MEX484_21_21187,"Tlaxco, Puebla, Mexico",Mexico,NA,3
2022-01-28,MEX484_21_21192,"Tuzamapan de Galeana, Puebla, Mexico",Mexico,NA,3
2022-01-28,MEX484_21_21193,"Tzicatlacoyan, Puebla, Mexico",Mexico,NA,3
2022-01-28,MEX484_21_21195,"Vicente Guerrero, Puebla, Mexico",Mexico,NA,3
2022-01-28,MEX484_21_21196,"Xayacatlán de Bravo, Puebla, Mexico",Mexico,NA,3
2022-01-28,MEX484_21_21200,"Xochiapulco, Puebla, Mexico",Mexico,NA,3
2022-01-28,MEX484_21_21202,"Xochitlán de Vicente Suárez, Puebla, Mexico",Mexico,NA,3
2022-01-28,MEX484_21_21204,"Yaonáhuac, Puebla, Mexico",Mexico,NA,3
2022-01-28,MEX484_21_21209,"Zapotitlán, Puebla, Mexico",Mexico,NA,3
2022-01-28,MEX484_21_21210,"Zapotitlán de Méndez, Puebla, Mexico",Mexico,NA,3
2022-01-28,MEX484_21_21216,"Zoquiapan, Puebla, Mexico",Mexico,NA,3
2022-01-28,MEX484_21_21217,"Zoquitlán, Puebla, Mexico",Mexico,NA,3
2022-01-28,MEX484_26_26009,"Bacanora, Sonora, Mexico",Mexico,NA,3
2022-01-28,MEX484_26_26010,"Bacerac, Sonora, Mexico",Mexico,NA,3
2022-01-28,MEX484_26_26024,"Divisaderos, Sonora, Mexico",Mexico,NA,3
2022-01-28,MEX484_26_26031,"Huachinera, Sonora, Mexico",Mexico,NA,3
2022-01-28,MEX484_26_26032,"Huásabas, Sonora, Mexico",Mexico,NA,3
2022-01-28,MEX484_26_26034,"Huépac, Sonora, Mexico",Mexico,NA,3
2022-01-28,MEX484_26_26040,"Nácori Chico, Sonora, Mexico",Mexico,NA,3
2022-01-28,MEX484_26_26044,"Onavas, Sonora, Mexico",Mexico,NA,3
2022-01-28,MEX484_26_26053,"San Felipe de Jesús, Sonora, Mexico",Mexico,NA,3
2022-01-28,MEX484_26_26054,"San Javier, Sonora, Mexico",Mexico,NA,3
2022-01-28,MEX484_26_26057,"San Pedro de la Cueva, Sonora, Mexico",Mexico,NA,3
2022-01-28,MEX484_26_26059,"Santa Cruz, Sonora, Mexico",Mexico,NA,3
2022-01-28,MEX484_26_26061,"Soyopa, Sonora, Mexico",Mexico,NA,3
2022-01-28,MEX484_26_26063,"Tepache, Sonora, Mexico",Mexico,NA,3
2022-01-28,MEX484_26_26064,"Trincheras, Sonora, Mexico",Mexico,NA,3
2022-01-28,MEX484_28_28008,"Casas, Tamaulipas, Mexico",Mexico,NA,3
2022-01-28,MEX484_28_28010,"Cruillas, Tamaulipas, Mexico",Mexico,NA,3
2022-01-28,MEX484_28_28023,"Méndez, Tamaulipas, Mexico",Mexico,NA,3
2022-01-28,MEX484_28_28036,"San Nicolás, Tamaulipas, Mexico",Mexico,NA,3
2022-01-28,MEX484_29_29045,"Benito Juárez, Tlaxcala, Mexico",Mexico,NA,3
2022-01-28,MEX484_30_30002,"Acatlán, Veracruz de Ignacio de la Llave, Mexico",Mexico,NA,3
2022-01-28,MEX484_30_30007,"Camarón de Tejeda, Veracruz de Ignacio de la Llave, Mexico",Mexico,NA,3
2022-01-28,MEX484_30_30008,"Alpatláhuac, Veracruz de Ignacio de la Llave, Mexico",Mexico,NA,3
2022-01-28,MEX484_30_30017,"Apazapan, Veracruz de Ignacio de la Llave, Mexico",Mexico,NA,3
2022-01-28,MEX484_30_30018,"Aquila, Veracruz de Ignacio de la Llave, Mexico",Mexico,NA,3
2022-01-28,MEX484_30_30019,"Astacinga, Veracruz de Ignacio de la Llave, Mexico",Mexico,NA,3
2022-01-28,MEX484_30_30020,"Atlahuilco, Veracruz de Ignacio de la Llave, Mexico",Mexico,NA,3
2022-01-28,MEX484_30_30024,"Tlaltetela, Veracruz de Ignacio de la Llave, Mexico",Mexico,NA,3
2022-01-28,MEX484_30_30029,"Calcahualco, Veracruz de Ignacio de la Llave, Mexico",Mexico,NA,3
2022-01-28,MEX484_30_30035,"Citlaltépetl, Veracruz de Ignacio de la Llave, Mexico",Mexico,NA,3
2022-01-28,MEX484_30_30037,"Coahuitlán, Veracruz de Ignacio de la Llave, Mexico",Mexico,NA,3
2022-01-28,MEX484_30_30041,"Coetzala, Veracruz de Ignacio de la Llave, Mexico",Mexico,NA,3
2022-01-28,MEX484_30_30043,"Comapa, Veracruz de Ignacio de la Llave, Mexico",Mexico,NA,3
2022-01-28,MEX484_30_30050,"Coxquihui, Veracruz de Ignacio de la Llave, Mexico",Mexico,NA,3
2022-01-28,MEX484_30_30064,"Chumatlán, Veracruz de Ignacio de la Llave, Mexico",Mexico,NA,3
2022-01-28,MEX484_30_30067,"Filomeno Mata, Veracruz de Ignacio de la Llave, Mexico",Mexico,NA,3
2022-01-28,MEX484_30_30076,"Ilamatlán, Veracruz de Ignacio de la Llave, Mexico",Mexico,NA,3
2022-01-28,MEX484_30_30088,"Jalcomulco, Veracruz de Ignacio de la Llave, Mexico",Mexico,NA,3
2022-01-28,MEX484_30_30091,"Jesús Carranza, Veracruz de Ignacio de la Llave, Mexico",Mexico,NA,3
2022-01-28,MEX484_30_30095,"Juchique de Ferrer, Veracruz de Ignacio de la Llave, Mexico",Mexico,NA,3
2022-01-28,MEX484_30_30096,"Landero y Coss, Veracruz de Ignacio de la Llave, Mexico",Mexico,NA,3
2022-01-28,MEX484_30_30107,"Las Minas, Veracruz de Ignacio de la Llave, Mexico",Mexico,NA,3
2022-01-28,MEX484_30_30110,"Mixtla de Altamirano, Veracruz de Ignacio de la Llave, Mexico",Mexico,NA,3
2022-01-28,MEX484_30_30129,"Platón Sánchez, Veracruz de Ignacio de la Llave, Mexico",Mexico,NA,3
2022-01-28,MEX484_30_30145,"Soconusco, Veracruz de Ignacio de la Llave, Mexico",Mexico,NA,3
2022-01-28,MEX484_30_30146,"Sochiapa, Veracruz de Ignacio de la Llave, Mexico",Mexico,NA,3
2022-01-28,MEX484_30_30149,"Soteapan, Veracruz de Ignacio de la Llave, Mexico",Mexico,NA,3
2022-01-28,MEX484_30_30150,"Tamalín, Veracruz de Ignacio de la Llave, Mexico",Mexico,NA,3
2022-01-28,MEX484_30_30151,"Tamiahua, Veracruz de Ignacio de la Llave, Mexico",Mexico,NA,3
2022-01-28,MEX484_30_30152,"Tampico Alto, Veracruz de Ignacio de la Llave, Mexico",Mexico,NA,3
2022-01-28,MEX484_30_30153,"Tancoco, Veracruz de Ignacio de la Llave, Mexico",Mexico,NA,3
2022-01-28,MEX484_30_30154,"Tantima, Veracruz de Ignacio de la Llave, Mexico",Mexico,NA,3
2022-01-28,MEX484_30_30156,"Tatatila, Veracruz de Ignacio de la Llave, Mexico",Mexico,NA,3
2022-01-28,MEX484_30_30162,"Tenampa, Veracruz de Ignacio de la Llave, Mexico",Mexico,NA,3
2022-01-28,MEX484_30_30165,"Tepatlaxco, Veracruz de Ignacio de la Llave, Mexico",Mexico,NA,3
2022-01-28,MEX484_30_30171,"Texhuacán, Veracruz de Ignacio de la Llave, Mexico",Mexico,NA,3
2022-01-28,MEX484_30_30172,"Texistepec, Veracruz de Ignacio de la Llave, Mexico",Mexico,NA,3
2022-01-28,MEX484_30_30179,"Tlacotepec de Mejía, Veracruz de Ignacio de la Llave, Mexico",Mexico,NA,3
2022-01-28,MEX484_30_30184,"Tlaquilpa, Veracruz de Ignacio de la Llave, Mexico",Mexico,NA,3
2022-01-28,MEX484_30_30190,"Tuxtilla, Veracruz de Ignacio de la Llave, Mexico",Mexico,NA,3
2022-01-28,MEX484_30_30197,"Yecuatla, Veracruz de Ignacio de la Llave, Mexico",Mexico,NA,3
2022-01-28,MEX484_30_30199,"Zaragoza, Veracruz de Ignacio de la Llave, Mexico",Mexico,NA,3
2022-01-28,MEX484_30_30202,"Zontecomatlán de López y Fuentes, Veracruz de Ignacio de la Llave, Mexico",Mexico,NA,3
2022-01-28,MEX484_30_30210,"Uxpanapa, Veracruz de Ignacio de la Llave, Mexico",Mexico,NA,3
2022-01-28,MEX484_30_30212,"Santiago Sochiapan, Veracruz de Ignacio de la Llave, Mexico",Mexico,NA,3
2022-01-28,MEX484_31_31005,"Bokobá, Yucatán, Mexico",Mexico,NA,3
2022-01-28,MEX484_31_31010,"Cantamayec, Yucatán, Mexico",Mexico,NA,3
2022-01-28,MEX484_31_31018,"Chapab, Yucatán, Mexico",Mexico,NA,3
2022-01-28,MEX484_31_31026,"Dzemul, Yucatán, Mexico",Mexico,NA,3
2022-01-28,MEX484_31_31047,"Maní, Yucatán, Mexico",Mexico,NA,3
2022-01-28,MEX484_31_31049,"Mayapán, Yucatán, Mexico",Mexico,NA,3
2022-01-28,MEX484_31_31060,"Quintana Roo, Yucatán, Mexico",Mexico,NA,3
2022-01-28,MEX484_31_31062,"Sacalum, Yucatán, Mexico",Mexico,NA,3
2022-01-28,MEX484_31_31066,"Santa Elena, Yucatán, Mexico",Mexico,NA,3
2022-01-28,MEX484_31_31073,"Tahdziú, Yucatán, Mexico",Mexico,NA,3
2022-01-28,MEX484_31_31092,"Tixcacalcupul, Yucatán, Mexico",Mexico,NA,3
2022-01-28,MEX484_32_32041,"El Salvador, Zacatecas, Mexico",Mexico,NA,3
2022-01-28,MEX484_32_32043,"Susticacán, Zacatecas, Mexico",Mexico,NA,3
2022-01-29,NOR578_11_1151,"Utsira, Norway",Norway,NA,3
2022-01-28,CHN156_00_CN-34,"Anhui, China",China,NA,3
2022-01-28,CHN156_00_CN-36,"Jiangxi, China",China,NA,3
2022-01-28,CHN156_00_CN-42,"Hubei, China",China,NA,3
2022-01-28,CHN156_00_CN-44,"Inner Mongolia, China",China,NA,3
2022-01-28,CHN156_00_CN-45,"Ningxia, China",China,NA,3
2022-01-28,CHN156_00_CN-46,"Hainan, China",China,NA,3
2022-01-28,CHN156_00_CN-62,"Gansu, China",China,NA,3
2022-01-28,CHN156_00_CN-63,"Qinghai, China",China,NA,3
2021-10-31,IND356_00_1,"Andaman and Nicobar Islands, India",India,NA,3
2021-10-31,IND356_00_10,"Goa, India",India,NA,3
2021-10-31,IND356_00_11,"Gujarat, India",India,NA,3
2021-10-31,IND356_00_12,"Haryana, India",India,NA,3
2021-10-31,IND356_00_13,"Himachal Pradesh, India",India,NA,3
2021-10-31,IND356_00_14,"Jammu and Kashmir, India",India,NA,3
2021-10-31,IND356_00_15,"Jharkhand, India",India,NA,3
2021-10-31,IND356_00_16,"Karnataka, India",India,NA,3
2021-10-31,IND356_00_17,"Kerala, India",India,NA,3
2021-10-31,IND356_00_18,"Lakshadweep, India",India,NA,3
2021-10-31,IND356_00_19,"Madhya Pradesh, India",India,NA,3
2021-10-31,IND356_00_2,"Andhra Pradesh, India",India,NA,3
2021-10-31,IND356_00_20,"Maharashtra, India",India,NA,3
2021-10-31,IND356_00_21,"Manipur, India",India,NA,3
2021-10-31,IND356_00_22,"Meghalaya, India",India,NA,3
2021-10-31,IND356_00_23,"Mizoram, India",India,NA,3
2021-10-31,IND356_00_24,"Nagaland, India",India,NA,3
2021-10-31,IND356_00_25,"Odisha, India",India,NA,3
2021-10-31,IND356_00_26,"Puducherry, India",India,NA,3
2021-10-31,IND356_00_27,"Punjab, India",India,NA,3
2021-10-31,IND356_00_28,"Rajasthan, India",India,NA,3
2021-10-31,IND356_00_29,"Sikkim, India",India,NA,3
2021-10-31,IND356_00_3,"Arunachal Pradesh, India",India,NA,3
2021-10-31,IND356_00_30,"Tamil Nadu, India",India,NA,3
2021-10-31,IND356_00_31,"Telangana, India",India,NA,3
2021-10-31,IND356_00_32,"Tripura, India",India,NA,3
2021-10-31,IND356_00_33,"Uttar Pradesh, India",India,NA,3
2021-10-31,IND356_00_34,"Uttarakhand, India",India,NA,3
2021-10-31,IND356_00_35,"West Bengal, India",India,NA,3
2021-10-31,IND356_00_4,"Assam, India",India,NA,3
2021-10-31,IND356_00_5,"Bihar, India",India,NA,3
2021-10-31,IND356_00_6,"Chandigarh, India",India,NA,3
2021-10-31,IND356_00_7,"Chhattisgarh, India",India,NA,3
2021-10-31,IND356_00_8,"Dadra and Nagar Haveli and Daman and Diu, India",India,NA,3
2021-10-31,IND356_00_9,"Delhi, India",India,NA,3
2021-12-22,IRL372_1_110000,"Leitrim/Liatroim, Ireland",Ireland,NA,3
2021-12-22,IRL372_1_150000,"Mayo/Maigh Eo, Ireland",Ireland,NA,3
2021-12-22,IRL372_1_190000,"Roscommon/Ros Comáin, Ireland",Ireland,NA,3
2021-12-22,IRL372_1_200000,"Sligo/Sligeach, Ireland",Ireland,NA,3
2021-12-22,IRL372_1_60000,"Galway/Gaillimh, Ireland",Ireland,NA,3
2021-12-22,IRL372_2_10000,"Carlow/Ceatharlach, Ireland",Ireland,NA,3
2021-12-22,IRL372_2_100000,"Laois/Laois, Ireland",Ireland,NA,3
2021-12-22,IRL372_2_130000,"Longford/An Longfort, Ireland",Ireland,NA,3
2021-12-22,IRL372_2_140000,"Louth/Lú, Ireland",Ireland,NA,3
2021-12-22,IRL372_2_160000,"Meath/An Mhí, Ireland",Ireland,NA,3
2021-12-22,IRL372_2_180000,"Offaly/Uíbh Fhailí, Ireland",Ireland,NA,3
2021-12-22,IRL372_2_230000,"Westmeath/An Iarmhí, Ireland",Ireland,NA,3
2021-12-22,IRL372_2_240000,"Wexford/Loch Garman, Ireland",Ireland,NA,3
2021-12-22,IRL372_2_250000,"Wicklow/Cill Mhantáin, Ireland",Ireland,NA,3
2021-12-22,IRL372_2_260000,"Dublin/Baile Átha Cliath, Ireland",Ireland,NA,3
2021-12-22,IRL372_2_80000,"Kildare/Cill Dara, Ireland",Ireland,NA,3
2021-12-22,IRL372_2_90000,"Kilkenny/Cill Chainnigh, Ireland",Ireland,NA,3
2021-12-22,IRL372_3_120000,"Limerick/Luimneach, Ireland",Ireland,NA,3
2021-12-22,IRL372_3_210000,"Tipperary/Tiobraid Árann, Ireland",Ireland,NA,3
2021-12-22,IRL372_3_220000,"Waterford/Port Láirge, Ireland",Ireland,NA,3
2021-12-22,IRL372_3_30000,"Clare/An Clár, Ireland",Ireland,NA,3
2021-12-22,IRL372_3_40000,"Cork/Corcaigh, Ireland",Ireland,NA,3
2021-12-22,IRL372_3_70000,"Kerry/Ciarraí, Ireland",Ireland,NA,3
2021-12-22,IRL372_4_170000,"Monaghan/Muineachán, Ireland",Ireland,NA,3
2021-12-22,IRL372_4_20000,"Cavan/An Cabhán, Ireland",Ireland,NA,3
2021-12-22,IRL372_4_50000,"Donegal/Dún na nGall, Ireland",Ireland,NA,3
2022-01-28,USA840_HI_15005,"Kalawao, Hawaii, USA",United States,NA,3
2022-01-28,USA840_TX_48269,"King, Texas, USA",United States,NA,3
2022-01-28,USA840_TX_48443,"Terrell, Texas, USA",United States,NA,3
2021-08-27,CUB192_00_art,"Artemisa, Cuba",Cuba,NA,3
2021-08-27,CUB192_00_cam,"Camagüey, Cuba",Cuba,NA,3
2021-08-27,CUB192_00_cav,"Ciego de Ávila, Cuba",Cuba,NA,3
2021-08-27,CUB192_00_cfg,"Cienfuegos, Cuba",Cuba,NA,3
2021-08-27,CUB192_00_gra,"Granma, Cuba",Cuba,NA,3
2021-08-27,CUB192_00_gtm,"Guantánamo, Cuba",Cuba,NA,3
2021-08-27,CUB192_00_hol,"Holguín, Cuba",Cuba,NA,3
2021-08-27,CUB192_00_ijv,"Isla de la Juventud, Cuba",Cuba,NA,3
2021-08-27,CUB192_00_lha,"La Habana, Cuba",Cuba,NA,3
2021-08-27,CUB192_00_ltu,"Las Tunas, Cuba",Cuba,NA,3
2021-08-27,CUB192_00_mat,"Matanzas, Cuba",Cuba,NA,3
2021-08-27,CUB192_00_may,"Mayabeque, Cuba",Cuba,NA,3
2021-08-27,CUB192_00_pri,"Pinar del Río, Cuba",Cuba,NA,3
2021-08-27,CUB192_00_ssp,"Sancti Spíritus, Cuba",Cuba,NA,3
2021-08-27,CUB192_00_stg,"Santiago de Cuba, Cuba",Cuba,NA,3
2021-08-27,CUB192_00_vcl,"Villa Clara, Cuba",Cuba,NA,3
2022-01-28,COK184_00_NA,Cook Islands,Cook Islands,NA,3
2022-01-28,FSM583_00_NA,Micronesia,Micronesia,NA,3
2022-01-28,MHL584_00_NA,Marshall Islands,Marshall Islands,NA,3
2022-01-28,VUT548_00_NA,Vanuatu,Vanuatu,NA,3
2021-11-14,NGA566_00_NG001,"Abia, Nigeria",Nigeria,NA,3
2021-11-14,NGA566_00_NG002,"Adamawa, Nigeria",Nigeria,NA,3
2021-11-14,NGA566_00_NG003,"Akwa Ibom, Nigeria",Nigeria,NA,3
2021-11-14,NGA566_00_NG004,"Anambra, Nigeria",Nigeria,NA,3
2021-11-14,NGA566_00_NG005,"Bauchi, Nigeria",Nigeria,NA,3
2021-11-14,NGA566_00_NG006,"Bayelsa, Nigeria",Nigeria,NA,3
2021-11-14,NGA566_00_NG007,"Benue, Nigeria",Nigeria,NA,3
2021-11-14,NGA566_00_NG008,"Borno, Nigeria",Nigeria,NA,3
2021-11-14,NGA566_00_NG009,"Cross River, Nigeria",Nigeria,NA,3
2021-11-14,NGA566_00_NG010,"Delta, Nigeria",Nigeria,NA,3
2021-11-14,NGA566_00_NG011,"Ebonyi, Nigeria",Nigeria,NA,3
2021-11-14,NGA566_00_NG012,"Edo, Nigeria",Nigeria,NA,3
2021-11-14,NGA566_00_NG013,"Ekiti, Nigeria",Nigeria,NA,3
2021-11-14,NGA566_00_NG014,"Enugu, Nigeria",Nigeria,NA,3
2021-11-14,NGA566_00_NG015,"Federal Capital Territory, Nigeria",Nigeria,NA,3
2021-11-14,NGA566_00_NG016,"Gombe, Nigeria",Nigeria,NA,3
2021-11-14,NGA566_00_NG017,"Imo, Nigeria",Nigeria,NA,3
2021-11-14,NGA566_00_NG018,"Jigawa, Nigeria",Nigeria,NA,3
2021-11-14,NGA566_00_NG019,"Kaduna, Nigeria",Nigeria,NA,3
2021-11-14,NGA566_00_NG020,"Kano, Nigeria",Nigeria,NA,3
2021-11-14,NGA566_00_NG021,"Katsina, Nigeria",Nigeria,NA,3
2021-11-14,NGA566_00_NG022,"Kebbi, Nigeria",Nigeria,NA,3
2021-11-14,NGA566_00_NG023,"Kogi, Nigeria",Nigeria,NA,3
2021-11-14,NGA566_00_NG024,"Kwara, Nigeria",Nigeria,NA,3
2021-11-14,NGA566_00_NG025,"Lagos, Nigeria",Nigeria,NA,3
2021-11-14,NGA566_00_NG026,"Nasarawa, Nigeria",Nigeria,NA,3
2021-11-14,NGA566_00_NG027,"Niger, Nigeria",Nigeria,NA,3
2021-11-14,NGA566_00_NG028,"Ogun, Nigeria",Nigeria,NA,3
2021-11-14,NGA566_00_NG029,"Ondo, Nigeria",Nigeria,NA,3
2021-11-14,NGA566_00_NG030,"Osun, Nigeria",Nigeria,NA,3
2021-11-14,NGA566_00_NG031,"Oyo, Nigeria",Nigeria,NA,3
2021-11-14,NGA566_00_NG032,"Plateau, Nigeria",Nigeria,NA,3
2021-11-14,NGA566_00_NG033,"Rivers, Nigeria",Nigeria,NA,3
2021-11-14,NGA566_00_NG034,"Sokoto, Nigeria",Nigeria,NA,3
2021-11-14,NGA566_00_NG035,"Taraba, Nigeria",Nigeria,NA,3
2021-11-14,NGA566_00_NG036,"Yobe, Nigeria",Nigeria,NA,3
2021-11-14,NGA566_00_NG037,"Zamfara, Nigeria",Nigeria,NA,3
2021-08-19,TWN158_00_CHA,"彰化縣/Changhua County, Taiwan",Taiwan,NA,3
2021-07-28,TWN158_00_CYI,"嘉義市/Chiayi City, Taiwan",Taiwan,NA,3
2021-08-05,TWN158_00_CYQ,"嘉義縣/Chiayi County, Taiwan",Taiwan,NA,3
2021-06-18,TWN158_00_HUA,"花蓮縣/Hualien County, Taiwan",Taiwan,NA,3
2021-05-30,TWN158_00_LIE,"連江縣/Lienchiang County, Taiwan",Taiwan,NA,3
2021-07-23,TWN158_00_MIA,"苗栗縣/Miaoli County, Taiwan",Taiwan,NA,3
2021-06-28,TWN158_00_NAN,"南投縣/Nantou County, Taiwan",Taiwan,NA,3
2021-06-07,TWN158_00_PEN,"澎湖縣/Penghu County, Taiwan",Taiwan,NA,3
2021-07-06,TWN158_00_PIF,"屏東縣/Pingtung County, Taiwan",Taiwan,NA,3
2021-06-10,TWN158_00_TTT,"台東縣/Taitung County, Taiwan",Taiwan,NA,3
2021-08-21,TWN158_00_YUN,"雲林縣/Yunlin County, Taiwan",Taiwan,NA,3
2022-01-28,AFG4_00_AF-BDG,"Badghis, Afghanistan",Afghanistan,NA,3
2022-01-28,AFG4_00_AF-BDS,"Badakhshan, Afghanistan",Afghanistan,NA,3
2020-07-19,AFG4_00_AF-DAY,"Daykundi, Afghanistan",Afghanistan,NA,3
2022-01-28,AFG4_00_AF-FRA,"Farah, Afghanistan",Afghanistan,NA,3
2022-01-28,AFG4_00_AF-FYB,"Faryab, Afghanistan",Afghanistan,NA,3
2022-01-28,AFG4_00_AF-GHO,"Ghor, Afghanistan",Afghanistan,NA,3
2020-07-19,AFG4_00_AF-HER,"Hirat, Afghanistan",Afghanistan,NA,3
2020-07-19,AFG4_00_AF-JOW,"Jawzjan, Afghanistan",Afghanistan,NA,3
2022-01-28,AFG4_00_AF-KNR,"Kunar, Afghanistan",Afghanistan,NA,3
2020-07-19,AFG4_00_AF-NIM,"Nimroz, Afghanistan",Afghanistan,NA,3
2020-07-19,AFG4_00_AF-NUR,"Nuristan, Afghanistan",Afghanistan,NA,3
2020-07-19,AFG4_00_AF-PAN,"Panjsher, Afghanistan",Afghanistan,NA,3
2020-07-19,AFG4_00_AF-PIA,"Paktya, Afghanistan",Afghanistan,NA,3
2022-01-28,AFG4_00_AF-PKA,"Paktika, Afghanistan",Afghanistan,NA,3
2022-01-28,AFG4_00_AF-SAM,"Samangan, Afghanistan",Afghanistan,NA,3
2020-07-19,AFG4_00_AF-SAR,"Sari Pul, Afghanistan",Afghanistan,NA,3
2022-01-28,AFG4_00_AF-URU,"Uruzgan, Afghanistan",Afghanistan,NA,3
2022-01-28,AFG4_00_AF-ZAB,"Zabul, Afghanistan",Afghanistan,NA,3
2022-01-29,DZA12_00_1,"Adrar, Algeria",Algeria,NA,3
2022-01-29,DZA12_00_11,"Tamanghasset, Algeria",Algeria,NA,3
2022-01-29,DZA12_00_14,"Tiaret, Algeria",Algeria,NA,3
2022-01-29,DZA12_00_17,"Djelfa, Algeria",Algeria,NA,3
2022-01-29,DZA12_00_20,"Saïda, Algeria",Algeria,NA,3
2022-01-29,DZA12_00_26,"Médéa, Algeria",Algeria,NA,3
2022-01-29,DZA12_00_28,"M'Sila, Algeria",Algeria,NA,3
2022-01-29,DZA12_00_29,"Mascara, Algeria",Algeria,NA,3
2022-01-29,DZA12_00_3,"Laghouat, Algeria",Algeria,NA,3
2022-01-29,DZA12_00_30,"Ouargla, Algeria",Algeria,NA,3
2022-01-29,DZA12_00_32,"El Bayadh, Algeria",Algeria,NA,3
2022-01-29,DZA12_00_33,"Illizi, Algeria",Algeria,NA,3
2022-01-29,DZA12_00_36,"El Tarf, Algeria",Algeria,NA,3
2022-01-29,DZA12_00_37,"Tindouf, Algeria",Algeria,NA,3
2022-01-29,DZA12_00_38,"Tissemsilt, Algeria",Algeria,NA,3
2022-01-29,DZA12_00_39,"El Oued, Algeria",Algeria,NA,3
2022-01-29,DZA12_00_44,"Aïn Defla, Algeria",Algeria,NA,3
2022-01-29,DZA12_00_47,"Ghardaïa, Algeria",Algeria,NA,3
2022-01-29,DZA12_00_48,"Relizane, Algeria",Algeria,NA,3
2022-01-29,DZA12_00_7,"Biskra, Algeria",Algeria,NA,3
2021-11-15,VEN862_00_1,"Amazonas, Venezuela",Venezuela,NA,3
2021-11-15,VEN862_00_12,"Falcón, Venezuela",Venezuela,NA,3
2021-11-15,VEN862_00_13,"Guárico, Venezuela",Venezuela,NA,3
2021-11-15,VEN862_00_14,"Lara, Venezuela",Venezuela,NA,3
2021-11-15,VEN862_00_15,"Mérida, Venezuela",Venezuela,NA,3
2021-11-15,VEN862_00_16,"Miranda, Venezuela",Venezuela,NA,3
2021-11-15,VEN862_00_17,"Monagas, Venezuela",Venezuela,NA,3
2021-11-15,VEN862_00_19,"Portuguesa, Venezuela",Venezuela,NA,3
2021-11-15,VEN862_00_2,"Anzoátegui, Venezuela",Venezuela,NA,3
2021-11-15,VEN862_00_20,"Sucre, Venezuela",Venezuela,NA,3
2021-11-15,VEN862_00_21,"Táchira, Venezuela",Venezuela,NA,3
2021-11-15,VEN862_00_22,"Trujillo, Venezuela",Venezuela,NA,3
2021-11-15,VEN862_00_24,"Yaracuy, Venezuela",Venezuela,NA,3
2021-11-15,VEN862_00_25,"Zulia, Venezuela",Venezuela,NA,3
2021-11-15,VEN862_00_3,"Apure, Venezuela",Venezuela,NA,3
2021-11-15,VEN862_00_4,"Aragua, Venezuela",Venezuela,NA,3
2021-11-15,VEN862_00_5,"Barinas, Venezuela",Venezuela,NA,3
2021-11-15,VEN862_00_6,"Bolívar, Venezuela",Venezuela,NA,3
2021-11-15,VEN862_00_7,"Carabobo, Venezuela",Venezuela,NA,3
2021-11-15,VEN862_00_8,"Cojedes, Venezuela",Venezuela,NA,3
