"DateReport","geoid","RegionName","Country","pInf","AB"
"2022-03-01","SJM578_00_SJM","Norway, Norway","Norway",NA,3
"2022-03-02","VATVAT_00_VA","Holy See, Holy See","Holy See",NA,3
"2022-03-01","MEX484_01_01010","El Llano, Aguascalientes, Mexico","Mexico",NA,3
"2022-03-01","MEX484_04_04008","Tenabo, Campeche, Mexico","Mexico",NA,3
"2022-03-01","MEX484_04_04011","Candelaria, Campeche, Mexico","Mexico",NA,3
"2022-03-01","MEX484_05_05001","Abasolo, Coahuila de Zaragoza, Mexico","Mexico",NA,3
"2022-03-01","MEX484_05_05005","Candela, Coahuila de Zaragoza, Mexico","Mexico",NA,3
"2022-03-01","MEX484_05_05008","Escobedo, Coahuila de Zaragoza, Mexico","Mexico",NA,3
"2022-03-01","MEX484_05_05012","Guerrero, Coahuila de Zaragoza, Mexico","Mexico",NA,3
"2022-03-01","MEX484_05_05013","Hidalgo, Coahuila de Zaragoza, Mexico","Mexico",NA,3
"2022-03-01","MEX484_05_05014","Jiménez, Coahuila de Zaragoza, Mexico","Mexico",NA,3
"2022-03-01","MEX484_05_05016","Lamadrid, Coahuila de Zaragoza, Mexico","Mexico",NA,3
"2022-03-01","MEX484_05_05019","Morelos, Coahuila de Zaragoza, Mexico","Mexico",NA,3
"2022-03-01","MEX484_05_05021","Nadadores, Coahuila de Zaragoza, Mexico","Mexico",NA,3
"2022-03-01","MEX484_05_05026","Progreso, Coahuila de Zaragoza, Mexico","Mexico",NA,3
"2022-03-01","MEX484_05_05034","Sierra Mojada, Coahuila de Zaragoza, Mexico","Mexico",NA,3
"2022-03-01","MEX484_07_07001","Acacoyagua, Chiapas, Mexico","Mexico",NA,3
"2022-03-01","MEX484_07_07002","Acala, Chiapas, Mexico","Mexico",NA,3
"2022-03-01","MEX484_07_07004","Altamirano, Chiapas, Mexico","Mexico",NA,3
"2022-03-01","MEX484_07_07005","Amatán, Chiapas, Mexico","Mexico",NA,3
"2022-03-01","MEX484_07_07007","Amatenango del Valle, Chiapas, Mexico","Mexico",NA,3
"2022-03-01","MEX484_07_07010","Bejucal de Ocampo, Chiapas, Mexico","Mexico",NA,3
"2022-03-01","MEX484_07_07011","Bella Vista, Chiapas, Mexico","Mexico",NA,3
"2022-03-01","MEX484_07_07013","Bochil, Chiapas, Mexico","Mexico",NA,3
"2022-03-01","MEX484_07_07014","El Bosque, Chiapas, Mexico","Mexico",NA,3
"2022-03-01","MEX484_07_07017","Cintalapa, Chiapas, Mexico","Mexico",NA,3
"2022-03-01","MEX484_07_07022","Chalchihuitán, Chiapas, Mexico","Mexico",NA,3
"2022-03-01","MEX484_07_07023","Chamula, Chiapas, Mexico","Mexico",NA,3
"2022-03-01","MEX484_07_07024","Chanal, Chiapas, Mexico","Mexico",NA,3
"2022-03-01","MEX484_07_07025","Chapultenango, Chiapas, Mexico","Mexico",NA,3
"2022-03-01","MEX484_07_07026","Chenalhó, Chiapas, Mexico","Mexico",NA,3
"2022-03-01","MEX484_07_07029","Chicoasén, Chiapas, Mexico","Mexico",NA,3
"2022-03-01","MEX484_07_07031","Chilón, Chiapas, Mexico","Mexico",NA,3
"2022-03-01","MEX484_07_07033","Francisco León, Chiapas, Mexico","Mexico",NA,3
"2022-03-01","MEX484_07_07034","Frontera Comalapa, Chiapas, Mexico","Mexico",NA,3
"2022-03-01","MEX484_07_07035","Frontera Hidalgo, Chiapas, Mexico","Mexico",NA,3
"2022-03-01","MEX484_07_07036","La Grandeza, Chiapas, Mexico","Mexico",NA,3
"2022-03-01","MEX484_07_07039","Huitiupán, Chiapas, Mexico","Mexico",NA,3
"2022-03-01","MEX484_07_07041","La Independencia, Chiapas, Mexico","Mexico",NA,3
"2022-03-01","MEX484_07_07042","Ixhuatán, Chiapas, Mexico","Mexico",NA,3
"2022-03-01","MEX484_07_07044","Ixtapa, Chiapas, Mexico","Mexico",NA,3
"2022-03-01","MEX484_07_07045","Ixtapangajoya, Chiapas, Mexico","Mexico",NA,3
"2022-03-01","MEX484_07_07047","Jitotol, Chiapas, Mexico","Mexico",NA,3
"2022-03-01","MEX484_07_07049","Larráinzar, Chiapas, Mexico","Mexico",NA,3
"2022-03-01","MEX484_07_07050","La Libertad, Chiapas, Mexico","Mexico",NA,3
"2022-03-01","MEX484_07_07052","Las Margaritas, Chiapas, Mexico","Mexico",NA,3
"2022-03-01","MEX484_07_07055","Metapa, Chiapas, Mexico","Mexico",NA,3
"2022-03-01","MEX484_07_07056","Mitontic, Chiapas, Mexico","Mexico",NA,3
"2022-03-01","MEX484_07_07057","Motozintla, Chiapas, Mexico","Mexico",NA,3
"2022-03-01","MEX484_07_07058","Nicolás Ruíz, Chiapas, Mexico","Mexico",NA,3
"2022-03-01","MEX484_07_07060","Ocotepec, Chiapas, Mexico","Mexico",NA,3
"2022-03-01","MEX484_07_07063","Osumacinta, Chiapas, Mexico","Mexico",NA,3
"2022-03-01","MEX484_07_07064","Oxchuc, Chiapas, Mexico","Mexico",NA,3
"2022-03-01","MEX484_07_07066","Pantelhó, Chiapas, Mexico","Mexico",NA,3
"2022-03-01","MEX484_07_07067","Pantepec, Chiapas, Mexico","Mexico",NA,3
"2022-03-01","MEX484_07_07071","Villa Comaltitlán, Chiapas, Mexico","Mexico",NA,3
"2022-03-01","MEX484_07_07075","Las Rosas, Chiapas, Mexico","Mexico",NA,3
"2022-03-01","MEX484_07_07079","San Fernando, Chiapas, Mexico","Mexico",NA,3
"2022-03-01","MEX484_07_07080","Siltepec, Chiapas, Mexico","Mexico",NA,3
"2022-03-01","MEX484_07_07082","Sitalá, Chiapas, Mexico","Mexico",NA,3
"2022-03-01","MEX484_07_07084","Solosuchiapa, Chiapas, Mexico","Mexico",NA,3
"2022-03-01","MEX484_07_07085","Soyaló, Chiapas, Mexico","Mexico",NA,3
"2022-03-01","MEX484_07_07088","Sunuapa, Chiapas, Mexico","Mexico",NA,3
"2022-03-01","MEX484_07_07090","Tapalapa, Chiapas, Mexico","Mexico",NA,3
"2022-03-01","MEX484_07_07093","Tenejapa, Chiapas, Mexico","Mexico",NA,3
"2022-03-01","MEX484_07_07094","Teopisca, Chiapas, Mexico","Mexico",NA,3
"2022-03-01","MEX484_07_07096","Tila, Chiapas, Mexico","Mexico",NA,3
"2022-03-01","MEX484_07_07098","Totolapa, Chiapas, Mexico","Mexico",NA,3
"2022-03-01","MEX484_07_07100","Tumbalá, Chiapas, Mexico","Mexico",NA,3
"2022-03-01","MEX484_07_07104","Tzimol, Chiapas, Mexico","Mexico",NA,3
"2022-03-01","MEX484_07_07105","Unión Juárez, Chiapas, Mexico","Mexico",NA,3
"2022-03-01","MEX484_07_07106","Venustiano Carranza, Chiapas, Mexico","Mexico",NA,3
"2022-03-01","MEX484_07_07109","Yajalón, Chiapas, Mexico","Mexico",NA,3
"2022-03-01","MEX484_07_07110","San Lucas, Chiapas, Mexico","Mexico",NA,3
"2022-03-01","MEX484_07_07112","San Juan Cancuc, Chiapas, Mexico","Mexico",NA,3
"2022-03-01","MEX484_07_07113","Aldama, Chiapas, Mexico","Mexico",NA,3
"2022-03-01","MEX484_07_07115","Maravilla Tenejapa, Chiapas, Mexico","Mexico",NA,3
"2022-03-01","MEX484_07_07116","Marqués de Comillas, Chiapas, Mexico","Mexico",NA,3
"2022-03-01","MEX484_07_07117","Montecristo de Guerrero, Chiapas, Mexico","Mexico",NA,3
"2022-03-01","MEX484_07_07118","San Andrés Duraznal, Chiapas, Mexico","Mexico",NA,3
"2022-03-01","MEX484_07_07119","Santiago el Pinar, Chiapas, Mexico","Mexico",NA,3
"2022-03-01","MEX484_08_08001","Ahumada, Chihuahua, Mexico","Mexico",NA,3
"2022-03-01","MEX484_08_08004","Aquiles Serdán, Chihuahua, Mexico","Mexico",NA,3
"2022-03-01","MEX484_08_08006","Bachíniva, Chihuahua, Mexico","Mexico",NA,3
"2022-03-01","MEX484_08_08008","Batopilas de Manuel Gómez Morín, Chihuahua, Mexico","Mexico",NA,3
"2022-03-01","MEX484_08_08012","Carichí, Chihuahua, Mexico","Mexico",NA,3
"2022-03-01","MEX484_08_08014","Coronado, Chihuahua, Mexico","Mexico",NA,3
"2022-03-01","MEX484_08_08015","Coyame del Sotol, Chihuahua, Mexico","Mexico",NA,3
"2022-03-01","MEX484_08_08016","La Cruz, Chihuahua, Mexico","Mexico",NA,3
"2022-03-01","MEX484_08_08018","Cusihuiriachi, Chihuahua, Mexico","Mexico",NA,3
"2022-03-01","MEX484_08_08020","Chínipas, Chihuahua, Mexico","Mexico",NA,3
"2022-03-01","MEX484_08_08022","Dr. Belisario Domínguez, Chihuahua, Mexico","Mexico",NA,3
"2022-03-01","MEX484_08_08023","Galeana, Chihuahua, Mexico","Mexico",NA,3
"2022-03-01","MEX484_08_08024","Santa Isabel, Chihuahua, Mexico","Mexico",NA,3
"2022-03-01","MEX484_08_08025","Gómez Farías, Chihuahua, Mexico","Mexico",NA,3
"2022-03-01","MEX484_08_08026","Gran Morelos, Chihuahua, Mexico","Mexico",NA,3
"2022-03-01","MEX484_08_08031","Guerrero, Chihuahua, Mexico","Mexico",NA,3
"2022-03-01","MEX484_08_08033","Huejotitán, Chihuahua, Mexico","Mexico",NA,3
"2022-03-01","MEX484_08_08034","Ignacio Zaragoza, Chihuahua, Mexico","Mexico",NA,3
"2022-03-01","MEX484_08_08035","Janos, Chihuahua, Mexico","Mexico",NA,3
"2022-03-01","MEX484_08_08038","Julimes, Chihuahua, Mexico","Mexico",NA,3
"2022-03-01","MEX484_08_08041","Maguarichi, Chihuahua, Mexico","Mexico",NA,3
"2022-03-01","MEX484_08_08042","Manuel Benavides, Chihuahua, Mexico","Mexico",NA,3
"2022-03-01","MEX484_08_08043","Matachí, Chihuahua, Mexico","Mexico",NA,3
"2022-03-01","MEX484_08_08044","Matamoros, Chihuahua, Mexico","Mexico",NA,3
"2022-03-01","MEX484_08_08046","Morelos, Chihuahua, Mexico","Mexico",NA,3
"2022-03-01","MEX484_08_08047","Moris, Chihuahua, Mexico","Mexico",NA,3
"2022-03-01","MEX484_08_08048","Namiquipa, Chihuahua, Mexico","Mexico",NA,3
"2022-03-01","MEX484_08_08049","Nonoava, Chihuahua, Mexico","Mexico",NA,3
"2022-03-01","MEX484_08_08051","Ocampo, Chihuahua, Mexico","Mexico",NA,3
"2022-03-01","MEX484_08_08053","Praxedis G. Guerrero, Chihuahua, Mexico","Mexico",NA,3
"2022-03-01","MEX484_08_08054","Riva Palacio, Chihuahua, Mexico","Mexico",NA,3
"2022-03-01","MEX484_08_08056","Rosario, Chihuahua, Mexico","Mexico",NA,3
"2022-03-01","MEX484_08_08057","San Francisco de Borja, Chihuahua, Mexico","Mexico",NA,3
"2022-03-01","MEX484_08_08058","San Francisco de Conchos, Chihuahua, Mexico","Mexico",NA,3
"2022-03-01","MEX484_08_08063","Temósachic, Chihuahua, Mexico","Mexico",NA,3
"2022-03-01","MEX484_08_08064","El Tule, Chihuahua, Mexico","Mexico",NA,3
"2022-03-01","MEX484_08_08065","Urique, Chihuahua, Mexico","Mexico",NA,3
"2022-03-01","MEX484_08_08067","Valle de Zaragoza, Chihuahua, Mexico","Mexico",NA,3
"2022-03-01","MEX484_10_10002","Canelas, Durango, Mexico","Mexico",NA,3
"2022-03-01","MEX484_10_10003","Coneto de Comonfort, Durango, Mexico","Mexico",NA,3
"2022-03-01","MEX484_10_10006","General Simón Bolívar, Durango, Mexico","Mexico",NA,3
"2022-03-01","MEX484_10_10009","Guanaceví, Durango, Mexico","Mexico",NA,3
"2022-03-01","MEX484_10_10010","Hidalgo, Durango, Mexico","Mexico",NA,3
"2022-03-01","MEX484_10_10011","Indé, Durango, Mexico","Mexico",NA,3
"2022-03-01","MEX484_10_10014","Mezquital, Durango, Mexico","Mexico",NA,3
"2022-03-01","MEX484_10_10015","Nazas, Durango, Mexico","Mexico",NA,3
"2022-03-01","MEX484_10_10016","Nombre de Dios, Durango, Mexico","Mexico",NA,3
"2022-03-01","MEX484_10_10018","El Oro, Durango, Mexico","Mexico",NA,3
"2022-03-01","MEX484_10_10019","Otáez, Durango, Mexico","Mexico",NA,3
"2022-03-01","MEX484_10_10021","Peñón Blanco, Durango, Mexico","Mexico",NA,3
"2022-03-01","MEX484_10_10022","Poanas, Durango, Mexico","Mexico",NA,3
"2022-03-01","MEX484_10_10024","Rodeo, Durango, Mexico","Mexico",NA,3
"2022-03-01","MEX484_10_10025","San Bernardo, Durango, Mexico","Mexico",NA,3
"2022-03-01","MEX484_10_10027","San Juan de Guadalupe, Durango, Mexico","Mexico",NA,3
"2022-03-01","MEX484_10_10028","San Juan del Río, Durango, Mexico","Mexico",NA,3
"2022-03-01","MEX484_10_10029","San Luis del Cordero, Durango, Mexico","Mexico",NA,3
"2022-03-01","MEX484_10_10030","San Pedro del Gallo, Durango, Mexico","Mexico",NA,3
"2022-03-01","MEX484_10_10031","Santa Clara, Durango, Mexico","Mexico",NA,3
"2022-03-01","MEX484_10_10035","Tepehuanes, Durango, Mexico","Mexico",NA,3
"2022-03-01","MEX484_10_10036","Tlahualilo, Durango, Mexico","Mexico",NA,3
"2022-03-01","MEX484_10_10037","Topia, Durango, Mexico","Mexico",NA,3
"2022-03-01","MEX484_10_10038","Vicente Guerrero, Durango, Mexico","Mexico",NA,3
"2022-03-01","MEX484_10_10039","Nuevo Ideal, Durango, Mexico","Mexico",NA,3
"2022-03-01","MEX484_12_12004","Alcozauca de Guerrero, Guerrero, Mexico","Mexico",NA,3
"2022-03-01","MEX484_12_12006","Apaxtla, Guerrero, Mexico","Mexico",NA,3
"2022-03-01","MEX484_12_12008","Atenango del Río, Guerrero, Mexico","Mexico",NA,3
"2022-03-01","MEX484_12_12009","Atlamajalcingo del Monte, Guerrero, Mexico","Mexico",NA,3
"2022-03-01","MEX484_12_12014","Benito Juárez, Guerrero, Mexico","Mexico",NA,3
"2022-03-01","MEX484_12_12015","Buenavista de Cuéllar, Guerrero, Mexico","Mexico",NA,3
"2022-03-01","MEX484_12_12019","Copalillo, Guerrero, Mexico","Mexico",NA,3
"2022-03-01","MEX484_12_12024","Cualác, Guerrero, Mexico","Mexico",NA,3
"2022-03-01","MEX484_12_12030","Florencio Villarreal, Guerrero, Mexico","Mexico",NA,3
"2022-03-01","MEX484_12_12031","General Canuto A. Neri, Guerrero, Mexico","Mexico",NA,3
"2022-03-01","MEX484_12_12037","Ixcateopan de Cuauhtémoc, Guerrero, Mexico","Mexico",NA,3
"2022-03-01","MEX484_12_12041","Malinaltepec, Guerrero, Mexico","Mexico",NA,3
"2022-03-01","MEX484_12_12043","Metlatónoc, Guerrero, Mexico","Mexico",NA,3
"2022-03-01","MEX484_12_12045","Olinalá, Guerrero, Mexico","Mexico",NA,3
"2022-03-01","MEX484_12_12047","Pedro Ascencio Alquisiras, Guerrero, Mexico","Mexico",NA,3
"2022-03-01","MEX484_12_12052","San Luis Acatlán, Guerrero, Mexico","Mexico",NA,3
"2022-03-01","MEX484_12_12053","San Marcos, Guerrero, Mexico","Mexico",NA,3
"2022-03-01","MEX484_12_12054","San Miguel Totolapan, Guerrero, Mexico","Mexico",NA,3
"2022-03-01","MEX484_12_12056","Tecoanapa, Guerrero, Mexico","Mexico",NA,3
"2022-03-01","MEX484_12_12060","Tetipac, Guerrero, Mexico","Mexico",NA,3
"2022-03-01","MEX484_12_12063","Tlacoapa, Guerrero, Mexico","Mexico",NA,3
"2022-03-01","MEX484_12_12065","Tlalixtaquilla de Maldonado, Guerrero, Mexico","Mexico",NA,3
"2022-03-01","MEX484_12_12069","Xalpatláhuac, Guerrero, Mexico","Mexico",NA,3
"2022-03-01","MEX484_12_12070","Xochihuehuetlán, Guerrero, Mexico","Mexico",NA,3
"2022-03-01","MEX484_12_12072","Zapotitlán Tablas, Guerrero, Mexico","Mexico",NA,3
"2022-03-01","MEX484_12_12081","Iliatenco, Guerrero, Mexico","Mexico",NA,3
"2022-03-01","MEX484_13_13001","Acatlán, Hidalgo, Mexico","Mexico",NA,3
"2022-03-01","MEX484_13_13020","Eloxochitlán, Hidalgo, Mexico","Mexico",NA,3
"2022-03-01","MEX484_13_13031","Jacala de Ledezma, Hidalgo, Mexico","Mexico",NA,3
"2022-03-01","MEX484_13_13032","Jaltocán, Hidalgo, Mexico","Mexico",NA,3
"2022-03-01","MEX484_13_13033","Juárez Hidalgo, Hidalgo, Mexico","Mexico",NA,3
"2022-03-01","MEX484_13_13040","La Misión, Hidalgo, Mexico","Mexico",NA,3
"2022-03-01","MEX484_13_13047","Pacula, Hidalgo, Mexico","Mexico",NA,3
"2022-03-01","MEX484_13_13068","Tianguistengo, Hidalgo, Mexico","Mexico",NA,3
"2022-03-01","MEX484_13_13071","Tlahuiltepa, Hidalgo, Mexico","Mexico",NA,3
"2022-03-01","MEX484_13_13078","Xochiatipan, Hidalgo, Mexico","Mexico",NA,3
"2022-03-01","MEX484_14_14003","Ahualulco de Mercado, Jalisco, Mexico","Mexico",NA,3
"2022-03-01","MEX484_14_14004","Amacueca, Jalisco, Mexico","Mexico",NA,3
"2022-03-01","MEX484_14_14005","Amatitán, Jalisco, Mexico","Mexico",NA,3
"2022-03-01","MEX484_14_14007","San Juanito de Escobedo, Jalisco, Mexico","Mexico",NA,3
"2022-03-01","MEX484_14_14009","El Arenal, Jalisco, Mexico","Mexico",NA,3
"2022-03-01","MEX484_14_14010","Atemajac de Brizuela, Jalisco, Mexico","Mexico",NA,3
"2022-03-01","MEX484_14_14011","Atengo, Jalisco, Mexico","Mexico",NA,3
"2022-03-01","MEX484_14_14012","Atenguillo, Jalisco, Mexico","Mexico",NA,3
"2022-03-01","MEX484_14_14014","Atoyac, Jalisco, Mexico","Mexico",NA,3
"2022-03-01","MEX484_14_14017","Ayutla, Jalisco, Mexico","Mexico",NA,3
"2022-03-01","MEX484_14_14019","Bolaños, Jalisco, Mexico","Mexico",NA,3
"2022-03-01","MEX484_14_14026","Concepción de Buenos Aires, Jalisco, Mexico","Mexico",NA,3
"2022-03-01","MEX484_14_14028","Cuautla, Jalisco, Mexico","Mexico",NA,3
"2022-03-01","MEX484_14_14029","Cuquío, Jalisco, Mexico","Mexico",NA,3
"2022-03-01","MEX484_14_14032","Chiquilistlán, Jalisco, Mexico","Mexico",NA,3
"2022-03-01","MEX484_14_14034","Ejutla, Jalisco, Mexico","Mexico",NA,3
"2022-03-01","MEX484_14_14035","Encarnación de Díaz, Jalisco, Mexico","Mexico",NA,3
"2022-03-01","MEX484_14_14038","Guachinango, Jalisco, Mexico","Mexico",NA,3
"2022-03-01","MEX484_14_14040","Hostotipaquillo, Jalisco, Mexico","Mexico",NA,3
"2022-03-01","MEX484_14_14041","Huejúcar, Jalisco, Mexico","Mexico",NA,3
"2022-03-01","MEX484_14_14042","Huejuquilla el Alto, Jalisco, Mexico","Mexico",NA,3
"2022-03-01","MEX484_14_14044","Ixtlahuacán de los Membrillos, Jalisco, Mexico","Mexico",NA,3
"2022-03-01","MEX484_14_14047","Jamay, Jalisco, Mexico","Mexico",NA,3
"2022-03-01","MEX484_14_14048","Jesús María, Jalisco, Mexico","Mexico",NA,3
"2022-03-01","MEX484_14_14049","Jilotlán de los Dolores, Jalisco, Mexico","Mexico",NA,3
"2022-03-01","MEX484_14_14050","Jocotepec, Jalisco, Mexico","Mexico",NA,3
"2022-03-01","MEX484_14_14052","Juchitlán, Jalisco, Mexico","Mexico",NA,3
"2022-03-01","MEX484_14_14054","El Limón, Jalisco, Mexico","Mexico",NA,3
"2022-03-01","MEX484_14_14056","Santa María del Oro, Jalisco, Mexico","Mexico",NA,3
"2022-03-01","MEX484_14_14057","La Manzanilla de la Paz, Jalisco, Mexico","Mexico",NA,3
"2022-03-01","MEX484_14_14058","Mascota, Jalisco, Mexico","Mexico",NA,3
"2022-03-01","MEX484_14_14059","Mazamitla, Jalisco, Mexico","Mexico",NA,3
"2022-03-01","MEX484_14_14060","Mexticacán, Jalisco, Mexico","Mexico",NA,3
"2022-03-01","MEX484_14_14062","Mixtlán, Jalisco, Mexico","Mexico",NA,3
"2022-03-01","MEX484_14_14068","Villa Purificación, Jalisco, Mexico","Mexico",NA,3
"2022-03-01","MEX484_14_14069","Quitupan, Jalisco, Mexico","Mexico",NA,3
"2022-03-01","MEX484_14_14071","San Cristóbal de la Barranca, Jalisco, Mexico","Mexico",NA,3
"2022-03-01","MEX484_14_14074","San Julián, Jalisco, Mexico","Mexico",NA,3
"2022-03-01","MEX484_14_14075","San Marcos, Jalisco, Mexico","Mexico",NA,3
"2022-03-01","MEX484_14_14076","San Martín de Bolaños, Jalisco, Mexico","Mexico",NA,3
"2022-03-01","MEX484_14_14077","San Martín Hidalgo, Jalisco, Mexico","Mexico",NA,3
"2022-03-01","MEX484_14_14078","San Miguel el Alto, Jalisco, Mexico","Mexico",NA,3
"2022-03-01","MEX484_14_14079","Gómez Farías, Jalisco, Mexico","Mexico",NA,3
"2022-03-01","MEX484_14_14080","San Sebastián del Oeste, Jalisco, Mexico","Mexico",NA,3
"2022-03-01","MEX484_14_14082","Sayula, Jalisco, Mexico","Mexico",NA,3
"2022-03-01","MEX484_14_14084","Talpa de Allende, Jalisco, Mexico","Mexico",NA,3
"2022-03-01","MEX484_14_14086","Tapalpa, Jalisco, Mexico","Mexico",NA,3
"2022-03-01","MEX484_14_14087","Tecalitlán, Jalisco, Mexico","Mexico",NA,3
"2022-03-01","MEX484_14_14088","Tecolotlán, Jalisco, Mexico","Mexico",NA,3
"2022-03-01","MEX484_14_14089","Techaluta de Montenegro, Jalisco, Mexico","Mexico",NA,3
"2022-03-01","MEX484_14_14090","Tenamaxtlán, Jalisco, Mexico","Mexico",NA,3
"2022-03-01","MEX484_14_14092","Teocuitatlán de Corona, Jalisco, Mexico","Mexico",NA,3
"2022-03-01","MEX484_14_14096","Tizapán el Alto, Jalisco, Mexico","Mexico",NA,3
"2022-03-01","MEX484_14_14099","Tolimán, Jalisco, Mexico","Mexico",NA,3
"2022-03-01","MEX484_14_14102","Tonaya, Jalisco, Mexico","Mexico",NA,3
"2022-03-01","MEX484_14_14104","Totatiche, Jalisco, Mexico","Mexico",NA,3
"2022-03-01","MEX484_14_14110","Unión de Tula, Jalisco, Mexico","Mexico",NA,3
"2022-03-01","MEX484_14_14111","Valle de Guadalupe, Jalisco, Mexico","Mexico",NA,3
"2022-03-01","MEX484_14_14112","Valle de Juárez, Jalisco, Mexico","Mexico",NA,3
"2022-03-01","MEX484_14_14114","Villa Corona, Jalisco, Mexico","Mexico",NA,3
"2022-03-01","MEX484_14_14116","Villa Hidalgo, Jalisco, Mexico","Mexico",NA,3
"2022-03-01","MEX484_14_14117","Cañadas de Obregón, Jalisco, Mexico","Mexico",NA,3
"2022-03-01","MEX484_14_14119","Zacoalco de Torres, Jalisco, Mexico","Mexico",NA,3
"2022-03-01","MEX484_14_14125","San Ignacio Cerro Gordo, Jalisco, Mexico","Mexico",NA,3
"2022-03-01","MEX484_15_15017","Ayapango, México, Mexico","Mexico",NA,3
"2022-03-01","MEX484_15_15026","Chapa de Mota, México, Mexico","Mexico",NA,3
"2022-03-01","MEX484_15_15032","Donato Guerra, México, Mexico","Mexico",NA,3
"2022-03-01","MEX484_15_15036","Hueypoxtla, México, Mexico","Mexico",NA,3
"2022-03-01","MEX484_15_15041","Ixtapan del Oro, México, Mexico","Mexico",NA,3
"2022-03-01","MEX484_15_15049","Joquicingo, México, Mexico","Mexico",NA,3
"2022-03-01","MEX484_15_15061","Nopaltepec, México, Mexico","Mexico",NA,3
"2022-03-01","MEX484_15_15071","Polotitlán, México, Mexico","Mexico",NA,3
"2022-03-01","MEX484_15_15083","Temamatla, México, Mexico","Mexico",NA,3
"2022-03-01","MEX484_15_15117","Zacualpan, México, Mexico","Mexico",NA,3
"2022-03-01","MEX484_16_16002","Aguililla, Michoacán de Ocampo, Mexico","Mexico",NA,3
"2022-03-01","MEX484_16_16004","Angamacutiro, Michoacán de Ocampo, Mexico","Mexico",NA,3
"2022-03-01","MEX484_16_16007","Aporo, Michoacán de Ocampo, Mexico","Mexico",NA,3
"2022-03-01","MEX484_16_16008","Aquila, Michoacán de Ocampo, Mexico","Mexico",NA,3
"2022-03-01","MEX484_16_16010","Arteaga, Michoacán de Ocampo, Mexico","Mexico",NA,3
"2022-03-01","MEX484_16_16011","Briseñas, Michoacán de Ocampo, Mexico","Mexico",NA,3
"2022-03-01","MEX484_16_16013","Carácuaro, Michoacán de Ocampo, Mexico","Mexico",NA,3
"2022-03-01","MEX484_16_16015","Coalcomán de Vázquez Pallares, Michoacán de Ocampo, Mexico","Mexico",NA,3
"2022-03-01","MEX484_16_16017","Contepec, Michoacán de Ocampo, Mexico","Mexico",NA,3
"2022-03-01","MEX484_16_16018","Copándaro, Michoacán de Ocampo, Mexico","Mexico",NA,3
"2022-03-01","MEX484_16_16019","Cotija, Michoacán de Ocampo, Mexico","Mexico",NA,3
"2022-03-01","MEX484_16_16021","Charapan, Michoacán de Ocampo, Mexico","Mexico",NA,3
"2022-03-01","MEX484_16_16022","Charo, Michoacán de Ocampo, Mexico","Mexico",NA,3
"2022-03-01","MEX484_16_16023","Chavinda, Michoacán de Ocampo, Mexico","Mexico",NA,3
"2022-03-01","MEX484_16_16026","Chinicuila, Michoacán de Ocampo, Mexico","Mexico",NA,3
"2022-03-01","MEX484_16_16027","Chucándiro, Michoacán de Ocampo, Mexico","Mexico",NA,3
"2022-03-01","MEX484_16_16028","Churintzio, Michoacán de Ocampo, Mexico","Mexico",NA,3
"2022-03-01","MEX484_16_16029","Churumuco, Michoacán de Ocampo, Mexico","Mexico",NA,3
"2022-03-01","MEX484_16_16030","Ecuandureo, Michoacán de Ocampo, Mexico","Mexico",NA,3
"2022-03-01","MEX484_16_16031","Epitacio Huerta, Michoacán de Ocampo, Mexico","Mexico",NA,3
"2022-03-01","MEX484_16_16032","Erongarícuaro, Michoacán de Ocampo, Mexico","Mexico",NA,3
"2022-03-01","MEX484_16_16036","Huandacareo, Michoacán de Ocampo, Mexico","Mexico",NA,3
"2022-03-01","MEX484_16_16039","Huiramba, Michoacán de Ocampo, Mexico","Mexico",NA,3
"2022-03-01","MEX484_16_16040","Indaparapeo, Michoacán de Ocampo, Mexico","Mexico",NA,3
"2022-03-01","MEX484_16_16041","Irimbo, Michoacán de Ocampo, Mexico","Mexico",NA,3
"2022-03-01","MEX484_16_16044","Jiménez, Michoacán de Ocampo, Mexico","Mexico",NA,3
"2022-03-01","MEX484_16_16046","Juárez, Michoacán de Ocampo, Mexico","Mexico",NA,3
"2022-03-01","MEX484_16_16047","Jungapeo, Michoacán de Ocampo, Mexico","Mexico",NA,3
"2022-03-01","MEX484_16_16048","Lagunillas, Michoacán de Ocampo, Mexico","Mexico",NA,3
"2022-03-01","MEX484_16_16049","Madero, Michoacán de Ocampo, Mexico","Mexico",NA,3
"2022-03-01","MEX484_16_16051","Marcos Castellanos, Michoacán de Ocampo, Mexico","Mexico",NA,3
"2022-03-01","MEX484_16_16054","Morelos, Michoacán de Ocampo, Mexico","Mexico",NA,3
"2022-03-01","MEX484_16_16057","Nocupétaro, Michoacán de Ocampo, Mexico","Mexico",NA,3
"2022-03-01","MEX484_16_16058","Nuevo Parangaricutiro, Michoacán de Ocampo, Mexico","Mexico",NA,3
"2022-03-01","MEX484_16_16060","Numarán, Michoacán de Ocampo, Mexico","Mexico",NA,3
"2022-03-01","MEX484_16_16062","Pajacuarán, Michoacán de Ocampo, Mexico","Mexico",NA,3
"2022-03-01","MEX484_16_16070","Purépero, Michoacán de Ocampo, Mexico","Mexico",NA,3
"2022-03-01","MEX484_16_16072","Queréndaro, Michoacán de Ocampo, Mexico","Mexico",NA,3
"2022-03-01","MEX484_16_16077","San Lucas, Michoacán de Ocampo, Mexico","Mexico",NA,3
"2022-03-01","MEX484_16_16078","Santa Ana Maya, Michoacán de Ocampo, Mexico","Mexico",NA,3
"2022-03-01","MEX484_16_16080","Senguio, Michoacán de Ocampo, Mexico","Mexico",NA,3
"2022-03-01","MEX484_16_16081","Susupuato, Michoacán de Ocampo, Mexico","Mexico",NA,3
"2022-03-01","MEX484_16_16084","Tangamandapio, Michoacán de Ocampo, Mexico","Mexico",NA,3
"2022-03-01","MEX484_16_16090","Tingambato, Michoacán de Ocampo, Mexico","Mexico",NA,3
"2022-03-01","MEX484_16_16091","Tingüindín, Michoacán de Ocampo, Mexico","Mexico",NA,3
"2022-03-01","MEX484_16_16092","Tiquicheo de Nicolás Romero, Michoacán de Ocampo, Mexico","Mexico",NA,3
"2022-03-01","MEX484_16_16096","Tumbiscatío, Michoacán de Ocampo, Mexico","Mexico",NA,3
"2022-03-01","MEX484_16_16097","Turicato, Michoacán de Ocampo, Mexico","Mexico",NA,3
"2022-03-01","MEX484_16_16100","Tzintzuntzan, Michoacán de Ocampo, Mexico","Mexico",NA,3
"2022-03-01","MEX484_16_16101","Tzitzio, Michoacán de Ocampo, Mexico","Mexico",NA,3
"2022-03-01","MEX484_16_16104","Villamar, Michoacán de Ocampo, Mexico","Mexico",NA,3
"2022-03-01","MEX484_16_16105","Vista Hermosa, Michoacán de Ocampo, Mexico","Mexico",NA,3
"2022-03-01","MEX484_16_16109","Zináparo, Michoacán de Ocampo, Mexico","Mexico",NA,3
"2022-03-01","MEX484_16_16111","Ziracuaretiro, Michoacán de Ocampo, Mexico","Mexico",NA,3
"2022-03-01","MEX484_16_16113","José Sixto Verduzco, Michoacán de Ocampo, Mexico","Mexico",NA,3
"2022-03-01","MEX484_17_17001","Amacuzac, Morelos, Mexico","Mexico",NA,3
"2022-03-01","MEX484_17_17015","Miacatlán, Morelos, Mexico","Mexico",NA,3
"2022-03-01","MEX484_17_17016","Ocuituco, Morelos, Mexico","Mexico",NA,3
"2022-03-01","MEX484_17_17021","Tetecala, Morelos, Mexico","Mexico",NA,3
"2022-03-01","MEX484_17_17022","Tetela del Volcán, Morelos, Mexico","Mexico",NA,3
"2022-03-01","MEX484_17_17032","Zacualpan de Amilpas, Morelos, Mexico","Mexico",NA,3
"2022-03-01","MEX484_18_18003","Amatlán de Cañas, Nayarit, Mexico","Mexico",NA,3
"2022-03-01","MEX484_19_19002","Agualeguas, Nuevo León, Mexico","Mexico",NA,3
"2022-03-01","MEX484_19_19003","Los Aldamas, Nuevo León, Mexico","Mexico",NA,3
"2022-03-01","MEX484_19_19007","Aramberri, Nuevo León, Mexico","Mexico",NA,3
"2022-03-01","MEX484_19_19015","Doctor Coss, Nuevo León, Mexico","Mexico",NA,3
"2022-03-01","MEX484_19_19023","General Treviño, Nuevo León, Mexico","Mexico",NA,3
"2022-03-01","MEX484_19_19024","General Zaragoza, Nuevo León, Mexico","Mexico",NA,3
"2022-03-01","MEX484_19_19028","Higueras, Nuevo León, Mexico","Mexico",NA,3
"2022-03-01","MEX484_19_19030","Iturbide, Nuevo León, Mexico","Mexico",NA,3
"2022-03-01","MEX484_19_19034","Marín, Nuevo León, Mexico","Mexico",NA,3
"2022-03-01","MEX484_19_19035","Melchor Ocampo, Nuevo León, Mexico","Mexico",NA,3
"2022-03-01","MEX484_19_19036","Mier y Noriega, Nuevo León, Mexico","Mexico",NA,3
"2022-03-01","MEX484_19_19037","Mina, Nuevo León, Mexico","Mexico",NA,3
"2022-03-01","MEX484_19_19042","Los Ramones, Nuevo León, Mexico","Mexico",NA,3
"2022-03-01","MEX484_19_19050","Vallecillo, Nuevo León, Mexico","Mexico",NA,3
"2022-03-01","MEX484_19_19051","Villaldama, Nuevo León, Mexico","Mexico",NA,3
"2022-03-01","MEX484_20_20001","Abejones, Oaxaca, Mexico","Mexico",NA,3
"2022-03-01","MEX484_20_20002","Acatlán de Pérez Figueroa, Oaxaca, Mexico","Mexico",NA,3
"2022-03-01","MEX484_20_20003","Asunción Cacalotepec, Oaxaca, Mexico","Mexico",NA,3
"2022-03-01","MEX484_20_20004","Asunción Cuyotepeji, Oaxaca, Mexico","Mexico",NA,3
"2022-03-01","MEX484_20_20007","Asunción Ocotlán, Oaxaca, Mexico","Mexico",NA,3
"2022-03-01","MEX484_20_20008","Asunción Tlacolulita, Oaxaca, Mexico","Mexico",NA,3
"2022-03-01","MEX484_20_20011","Calihualá, Oaxaca, Mexico","Mexico",NA,3
"2022-03-01","MEX484_20_20013","Ciénega de Zimatlán, Oaxaca, Mexico","Mexico",NA,3
"2022-03-01","MEX484_20_20017","La Compañía, Oaxaca, Mexico","Mexico",NA,3
"2022-03-01","MEX484_20_20018","Concepción Buenavista, Oaxaca, Mexico","Mexico",NA,3
"2022-03-01","MEX484_20_20019","Concepción Pápalo, Oaxaca, Mexico","Mexico",NA,3
"2022-03-01","MEX484_20_20020","Constancia del Rosario, Oaxaca, Mexico","Mexico",NA,3
"2022-03-01","MEX484_20_20022","Cosoltepec, Oaxaca, Mexico","Mexico",NA,3
"2022-03-01","MEX484_20_20024","Cuyamecalco Villa de Zaragoza, Oaxaca, Mexico","Mexico",NA,3
"2022-03-01","MEX484_20_20026","Chalcatongo de Hidalgo, Oaxaca, Mexico","Mexico",NA,3
"2022-03-01","MEX484_20_20027","Chiquihuitlán de Benito Juárez, Oaxaca, Mexico","Mexico",NA,3
"2022-03-01","MEX484_20_20029","Eloxochitlán de Flores Magón, Oaxaca, Mexico","Mexico",NA,3
"2022-03-01","MEX484_20_20031","Tamazulápam del Espíritu Santo, Oaxaca, Mexico","Mexico",NA,3
"2022-03-01","MEX484_20_20032","Fresnillo de Trujano, Oaxaca, Mexico","Mexico",NA,3
"2022-03-01","MEX484_20_20034","Guadalupe de Ramírez, Oaxaca, Mexico","Mexico",NA,3
"2022-03-01","MEX484_20_20035","Guelatao de Juárez, Oaxaca, Mexico","Mexico",NA,3
"2022-03-01","MEX484_20_20038","Villa Hidalgo, Oaxaca, Mexico","Mexico",NA,3
"2022-03-01","MEX484_20_20040","Huautepec, Oaxaca, Mexico","Mexico",NA,3
"2022-03-01","MEX484_20_20046","Magdalena Jaltepec, Oaxaca, Mexico","Mexico",NA,3
"2022-03-01","MEX484_20_20047","Santa Magdalena Jicotlán, Oaxaca, Mexico","Mexico",NA,3
"2022-03-01","MEX484_20_20048","Magdalena Mixtepec, Oaxaca, Mexico","Mexico",NA,3
"2022-03-01","MEX484_20_20049","Magdalena Ocotlán, Oaxaca, Mexico","Mexico",NA,3
"2022-03-01","MEX484_20_20050","Magdalena Peñasco, Oaxaca, Mexico","Mexico",NA,3
"2022-03-01","MEX484_20_20051","Magdalena Teitipac, Oaxaca, Mexico","Mexico",NA,3
"2022-03-01","MEX484_20_20052","Magdalena Tequisistlán, Oaxaca, Mexico","Mexico",NA,3
"2022-03-01","MEX484_20_20056","Mártires de Tacubaya, Oaxaca, Mexico","Mexico",NA,3
"2022-03-01","MEX484_20_20060","Mixistlán de la Reforma, Oaxaca, Mexico","Mexico",NA,3
"2022-03-01","MEX484_20_20061","Monjas, Oaxaca, Mexico","Mexico",NA,3
"2022-03-01","MEX484_20_20062","Natividad, Oaxaca, Mexico","Mexico",NA,3
"2022-03-01","MEX484_20_20064","Nejapa de Madero, Oaxaca, Mexico","Mexico",NA,3
"2022-03-01","MEX484_20_20065","Ixpantepec Nieves, Oaxaca, Mexico","Mexico",NA,3
"2022-03-01","MEX484_20_20066","Santiago Niltepec, Oaxaca, Mexico","Mexico",NA,3
"2022-03-01","MEX484_20_20069","La Pe, Oaxaca, Mexico","Mexico",NA,3
"2022-03-01","MEX484_20_20070","Pinotepa de Don Luis, Oaxaca, Mexico","Mexico",NA,3
"2022-03-01","MEX484_20_20071","Pluma Hidalgo, Oaxaca, Mexico","Mexico",NA,3
"2022-03-01","MEX484_20_20074","Santa Catarina Quioquitani, Oaxaca, Mexico","Mexico",NA,3
"2022-03-01","MEX484_20_20075","Reforma de Pineda, Oaxaca, Mexico","Mexico",NA,3
"2022-03-01","MEX484_20_20078","Rojas de Cuauhtémoc, Oaxaca, Mexico","Mexico",NA,3
"2022-03-01","MEX484_20_20080","San Agustín Amatengo, Oaxaca, Mexico","Mexico",NA,3
"2022-03-01","MEX484_20_20081","San Agustín Atenango, Oaxaca, Mexico","Mexico",NA,3
"2022-03-01","MEX484_20_20086","San Agustín Tlacotepec, Oaxaca, Mexico","Mexico",NA,3
"2022-03-01","MEX484_20_20088","San Andrés Cabecera Nueva, Oaxaca, Mexico","Mexico",NA,3
"2022-03-01","MEX484_20_20089","San Andrés Dinicuiti, Oaxaca, Mexico","Mexico",NA,3
"2022-03-01","MEX484_20_20090","San Andrés Huaxpaltepec, Oaxaca, Mexico","Mexico",NA,3
"2022-03-01","MEX484_20_20094","San Andrés Nuxiño, Oaxaca, Mexico","Mexico",NA,3
"2022-03-01","MEX484_20_20095","San Andrés Paxtlán, Oaxaca, Mexico","Mexico",NA,3
"2022-03-01","MEX484_20_20096","San Andrés Sinaxtla, Oaxaca, Mexico","Mexico",NA,3
"2022-03-01","MEX484_20_20097","San Andrés Solaga, Oaxaca, Mexico","Mexico",NA,3
"2022-03-01","MEX484_20_20098","San Andrés Teotilálpam, Oaxaca, Mexico","Mexico",NA,3
"2022-03-01","MEX484_20_20099","San Andrés Tepetlapa, Oaxaca, Mexico","Mexico",NA,3
"2022-03-01","MEX484_20_20100","San Andrés Yaá, Oaxaca, Mexico","Mexico",NA,3
"2022-03-01","MEX484_20_20101","San Andrés Zabache, Oaxaca, Mexico","Mexico",NA,3
"2022-03-01","MEX484_20_20103","San Antonino Castillo Velasco, Oaxaca, Mexico","Mexico",NA,3
"2022-03-01","MEX484_20_20104","San Antonino el Alto, Oaxaca, Mexico","Mexico",NA,3
"2022-03-01","MEX484_20_20105","San Antonino Monte Verde, Oaxaca, Mexico","Mexico",NA,3
"2022-03-01","MEX484_20_20106","San Antonio Acutla, Oaxaca, Mexico","Mexico",NA,3
"2022-03-01","MEX484_20_20108","San Antonio Huitepec, Oaxaca, Mexico","Mexico",NA,3
"2022-03-01","MEX484_20_20110","San Antonio Sinicahua, Oaxaca, Mexico","Mexico",NA,3
"2022-03-01","MEX484_20_20111","San Antonio Tepetlapa, Oaxaca, Mexico","Mexico",NA,3
"2022-03-01","MEX484_20_20112","San Baltazar Chichicápam, Oaxaca, Mexico","Mexico",NA,3
"2022-03-01","MEX484_20_20114","San Baltazar Yatzachi el Bajo, Oaxaca, Mexico","Mexico",NA,3
"2022-03-01","MEX484_20_20116","San Bartolomé Ayautla, Oaxaca, Mexico","Mexico",NA,3
"2022-03-01","MEX484_20_20117","San Bartolomé Loxicha, Oaxaca, Mexico","Mexico",NA,3
"2022-03-01","MEX484_20_20118","San Bartolomé Quialana, Oaxaca, Mexico","Mexico",NA,3
"2022-03-01","MEX484_20_20119","San Bartolomé Yucuañe, Oaxaca, Mexico","Mexico",NA,3
"2022-03-01","MEX484_20_20120","San Bartolomé Zoogocho, Oaxaca, Mexico","Mexico",NA,3
"2022-03-01","MEX484_20_20121","San Bartolo Soyaltepec, Oaxaca, Mexico","Mexico",NA,3
"2022-03-01","MEX484_20_20122","San Bartolo Yautepec, Oaxaca, Mexico","Mexico",NA,3
"2022-03-01","MEX484_20_20123","San Bernardo Mixtepec, Oaxaca, Mexico","Mexico",NA,3
"2022-03-01","MEX484_20_20125","San Carlos Yautepec, Oaxaca, Mexico","Mexico",NA,3
"2022-03-01","MEX484_20_20126","San Cristóbal Amatlán, Oaxaca, Mexico","Mexico",NA,3
"2022-03-01","MEX484_20_20127","San Cristóbal Amoltepec, Oaxaca, Mexico","Mexico",NA,3
"2022-03-01","MEX484_20_20128","San Cristóbal Lachirioag, Oaxaca, Mexico","Mexico",NA,3
"2022-03-01","MEX484_20_20131","San Dionisio Ocotepec, Oaxaca, Mexico","Mexico",NA,3
"2022-03-01","MEX484_20_20132","San Dionisio Ocotlán, Oaxaca, Mexico","Mexico",NA,3
"2022-03-01","MEX484_20_20133","San Esteban Atatlahuca, Oaxaca, Mexico","Mexico",NA,3
"2022-03-01","MEX484_20_20136","San Felipe Usila, Oaxaca, Mexico","Mexico",NA,3
"2022-03-01","MEX484_20_20137","San Francisco Cahuacuá, Oaxaca, Mexico","Mexico",NA,3
"2022-03-01","MEX484_20_20138","San Francisco Cajonos, Oaxaca, Mexico","Mexico",NA,3
"2022-03-01","MEX484_20_20139","San Francisco Chapulapa, Oaxaca, Mexico","Mexico",NA,3
"2022-03-01","MEX484_20_20140","San Francisco Chindúa, Oaxaca, Mexico","Mexico",NA,3
"2022-03-01","MEX484_20_20141","San Francisco del Mar, Oaxaca, Mexico","Mexico",NA,3
"2022-03-01","MEX484_20_20142","San Francisco Huehuetlán, Oaxaca, Mexico","Mexico",NA,3
"2022-03-01","MEX484_20_20144","San Francisco Jaltepetongo, Oaxaca, Mexico","Mexico",NA,3
"2022-03-01","MEX484_20_20146","San Francisco Logueche, Oaxaca, Mexico","Mexico",NA,3
"2022-03-01","MEX484_20_20147","San Francisco Nuxaño, Oaxaca, Mexico","Mexico",NA,3
"2022-03-01","MEX484_20_20148","San Francisco Ozolotepec, Oaxaca, Mexico","Mexico",NA,3
"2022-03-01","MEX484_20_20149","San Francisco Sola, Oaxaca, Mexico","Mexico",NA,3
"2022-03-01","MEX484_20_20151","San Francisco Teopan, Oaxaca, Mexico","Mexico",NA,3
"2022-03-01","MEX484_20_20152","San Francisco Tlapancingo, Oaxaca, Mexico","Mexico",NA,3
"2022-03-01","MEX484_20_20153","San Gabriel Mixtepec, Oaxaca, Mexico","Mexico",NA,3
"2022-03-01","MEX484_20_20154","San Ildefonso Amatlán, Oaxaca, Mexico","Mexico",NA,3
"2022-03-01","MEX484_20_20155","San Ildefonso Sola, Oaxaca, Mexico","Mexico",NA,3
"2022-03-01","MEX484_20_20159","San Jerónimo Coatlán, Oaxaca, Mexico","Mexico",NA,3
"2022-03-01","MEX484_20_20160","San Jerónimo Silacayoapilla, Oaxaca, Mexico","Mexico",NA,3
"2022-03-01","MEX484_20_20161","San Jerónimo Sosola, Oaxaca, Mexico","Mexico",NA,3
"2022-03-01","MEX484_20_20162","San Jerónimo Taviche, Oaxaca, Mexico","Mexico",NA,3
"2022-03-01","MEX484_20_20163","San Jerónimo Tecóatl, Oaxaca, Mexico","Mexico",NA,3
"2022-03-01","MEX484_20_20165","San José Ayuquila, Oaxaca, Mexico","Mexico",NA,3
"2022-03-01","MEX484_20_20167","San José del Peñasco, Oaxaca, Mexico","Mexico",NA,3
"2022-03-01","MEX484_20_20169","San José Independencia, Oaxaca, Mexico","Mexico",NA,3
"2022-03-01","MEX484_20_20170","San José Lachiguiri, Oaxaca, Mexico","Mexico",NA,3
"2022-03-01","MEX484_20_20172","San Juan Achiutla, Oaxaca, Mexico","Mexico",NA,3
"2022-03-01","MEX484_20_20173","San Juan Atepec, Oaxaca, Mexico","Mexico",NA,3
"2022-03-01","MEX484_20_20176","San Juan Bautista Coixtlahuaca, Oaxaca, Mexico","Mexico",NA,3
"2022-03-01","MEX484_20_20179","San Juan Bautista Jayacatlán, Oaxaca, Mexico","Mexico",NA,3
"2022-03-01","MEX484_20_20180","San Juan Bautista Lo de Soto, Oaxaca, Mexico","Mexico",NA,3
"2022-03-01","MEX484_20_20181","San Juan Bautista Suchitepec, Oaxaca, Mexico","Mexico",NA,3
"2022-03-01","MEX484_20_20182","San Juan Bautista Tlacoatzintepec, Oaxaca, Mexico","Mexico",NA,3
"2022-03-01","MEX484_20_20183","San Juan Bautista Tlachichilco, Oaxaca, Mexico","Mexico",NA,3
"2022-03-01","MEX484_20_20186","San Juan Cieneguilla, Oaxaca, Mexico","Mexico",NA,3
"2022-03-01","MEX484_20_20187","San Juan Coatzóspam, Oaxaca, Mexico","Mexico",NA,3
"2022-03-01","MEX484_20_20189","San Juan Comaltepec, Oaxaca, Mexico","Mexico",NA,3
"2022-03-01","MEX484_20_20191","San Juan Chicomezúchil, Oaxaca, Mexico","Mexico",NA,3
"2022-03-01","MEX484_20_20194","San Juan del Río, Oaxaca, Mexico","Mexico",NA,3
"2022-03-01","MEX484_20_20195","San Juan Diuxi, Oaxaca, Mexico","Mexico",NA,3
"2022-03-01","MEX484_20_20196","San Juan Evangelista Analco, Oaxaca, Mexico","Mexico",NA,3
"2022-03-01","MEX484_20_20197","San Juan Guelavía, Oaxaca, Mexico","Mexico",NA,3
"2022-03-01","MEX484_20_20198","San Juan Guichicovi, Oaxaca, Mexico","Mexico",NA,3
"2022-03-01","MEX484_20_20199","San Juan Ihualtepec, Oaxaca, Mexico","Mexico",NA,3
"2022-03-01","MEX484_20_20200","San Juan Juquila Mixes, Oaxaca, Mexico","Mexico",NA,3
"2022-03-01","MEX484_20_20201","San Juan Juquila Vijanos, Oaxaca, Mexico","Mexico",NA,3
"2022-03-01","MEX484_20_20202","San Juan Lachao, Oaxaca, Mexico","Mexico",NA,3
"2022-03-01","MEX484_20_20203","San Juan Lachigalla, Oaxaca, Mexico","Mexico",NA,3
"2022-03-01","MEX484_20_20204","San Juan Lajarcia, Oaxaca, Mexico","Mexico",NA,3
"2022-03-01","MEX484_20_20205","San Juan Lalana, Oaxaca, Mexico","Mexico",NA,3
"2022-03-01","MEX484_20_20206","San Juan de los Cués, Oaxaca, Mexico","Mexico",NA,3
"2022-03-01","MEX484_20_20209","San Juan Mixtepec, Oaxaca, Mexico","Mexico",NA,3
"2022-03-01","MEX484_20_20210","San Juan Ñumí, Oaxaca, Mexico","Mexico",NA,3
"2022-03-01","MEX484_20_20211","San Juan Ozolotepec, Oaxaca, Mexico","Mexico",NA,3
"2022-03-01","MEX484_20_20212","San Juan Petlapa, Oaxaca, Mexico","Mexico",NA,3
"2022-03-01","MEX484_20_20213","San Juan Quiahije, Oaxaca, Mexico","Mexico",NA,3
"2022-03-01","MEX484_20_20214","San Juan Quiotepec, Oaxaca, Mexico","Mexico",NA,3
"2022-03-01","MEX484_20_20215","San Juan Sayultepec, Oaxaca, Mexico","Mexico",NA,3
"2022-03-01","MEX484_20_20216","San Juan Tabaá, Oaxaca, Mexico","Mexico",NA,3
"2022-03-01","MEX484_20_20217","San Juan Tamazola, Oaxaca, Mexico","Mexico",NA,3
"2022-03-01","MEX484_20_20218","San Juan Teita, Oaxaca, Mexico","Mexico",NA,3
"2022-03-01","MEX484_20_20219","San Juan Teitipac, Oaxaca, Mexico","Mexico",NA,3
"2022-03-01","MEX484_20_20220","San Juan Tepeuxila, Oaxaca, Mexico","Mexico",NA,3
"2022-03-01","MEX484_20_20221","San Juan Teposcolula, Oaxaca, Mexico","Mexico",NA,3
"2022-03-01","MEX484_20_20222","San Juan Yaeé, Oaxaca, Mexico","Mexico",NA,3
"2022-03-01","MEX484_20_20223","San Juan Yatzona, Oaxaca, Mexico","Mexico",NA,3
"2022-03-01","MEX484_20_20225","San Lorenzo, Oaxaca, Mexico","Mexico",NA,3
"2022-03-01","MEX484_20_20226","San Lorenzo Albarradas, Oaxaca, Mexico","Mexico",NA,3
"2022-03-01","MEX484_20_20228","San Lorenzo Cuaunecuiltitla, Oaxaca, Mexico","Mexico",NA,3
"2022-03-01","MEX484_20_20229","San Lorenzo Texmelúcan, Oaxaca, Mexico","Mexico",NA,3
"2022-03-01","MEX484_20_20231","San Lucas Camotlán, Oaxaca, Mexico","Mexico",NA,3
"2022-03-01","MEX484_20_20233","San Lucas Quiaviní, Oaxaca, Mexico","Mexico",NA,3
"2022-03-01","MEX484_20_20234","San Lucas Zoquiápam, Oaxaca, Mexico","Mexico",NA,3
"2022-03-01","MEX484_20_20235","San Luis Amatlán, Oaxaca, Mexico","Mexico",NA,3
"2022-03-01","MEX484_20_20236","San Marcial Ozolotepec, Oaxaca, Mexico","Mexico",NA,3
"2022-03-01","MEX484_20_20238","San Martín de los Cansecos, Oaxaca, Mexico","Mexico",NA,3
"2022-03-01","MEX484_20_20239","San Martín Huamelúlpam, Oaxaca, Mexico","Mexico",NA,3
"2022-03-01","MEX484_20_20240","San Martín Itunyoso, Oaxaca, Mexico","Mexico",NA,3
"2022-03-01","MEX484_20_20241","San Martín Lachilá, Oaxaca, Mexico","Mexico",NA,3
"2022-03-01","MEX484_20_20243","San Martín Tilcajete, Oaxaca, Mexico","Mexico",NA,3
"2022-03-01","MEX484_20_20245","San Martín Zacatepec, Oaxaca, Mexico","Mexico",NA,3
"2022-03-01","MEX484_20_20246","San Mateo Cajonos, Oaxaca, Mexico","Mexico",NA,3
"2022-03-01","MEX484_20_20249","San Mateo Yoloxochitlán, Oaxaca, Mexico","Mexico",NA,3
"2022-03-01","MEX484_20_20250","San Mateo Etlatongo, Oaxaca, Mexico","Mexico",NA,3
"2022-03-01","MEX484_20_20251","San Mateo Nejápam, Oaxaca, Mexico","Mexico",NA,3
"2022-03-01","MEX484_20_20252","San Mateo Peñasco, Oaxaca, Mexico","Mexico",NA,3
"2022-03-01","MEX484_20_20254","San Mateo Río Hondo, Oaxaca, Mexico","Mexico",NA,3
"2022-03-01","MEX484_20_20255","San Mateo Sindihui, Oaxaca, Mexico","Mexico",NA,3
"2022-03-01","MEX484_20_20256","San Mateo Tlapiltepec, Oaxaca, Mexico","Mexico",NA,3
"2022-03-01","MEX484_20_20257","San Melchor Betaza, Oaxaca, Mexico","Mexico",NA,3
"2022-03-01","MEX484_20_20258","San Miguel Achiutla, Oaxaca, Mexico","Mexico",NA,3
"2022-03-01","MEX484_20_20259","San Miguel Ahuehuetitlán, Oaxaca, Mexico","Mexico",NA,3
"2022-03-01","MEX484_20_20260","San Miguel Aloápam, Oaxaca, Mexico","Mexico",NA,3
"2022-03-01","MEX484_20_20262","San Miguel Amatlán, Oaxaca, Mexico","Mexico",NA,3
"2022-03-01","MEX484_20_20263","San Miguel Coatlán, Oaxaca, Mexico","Mexico",NA,3
"2022-03-01","MEX484_20_20264","San Miguel Chicahua, Oaxaca, Mexico","Mexico",NA,3
"2022-03-01","MEX484_20_20267","San Miguel del Río, Oaxaca, Mexico","Mexico",NA,3
"2022-03-01","MEX484_20_20268","San Miguel Ejutla, Oaxaca, Mexico","Mexico",NA,3
"2022-03-01","MEX484_20_20269","San Miguel el Grande, Oaxaca, Mexico","Mexico",NA,3
"2022-03-01","MEX484_20_20270","San Miguel Huautla, Oaxaca, Mexico","Mexico",NA,3
"2022-03-01","MEX484_20_20271","San Miguel Mixtepec, Oaxaca, Mexico","Mexico",NA,3
"2022-03-01","MEX484_20_20272","San Miguel Panixtlahuaca, Oaxaca, Mexico","Mexico",NA,3
"2022-03-01","MEX484_20_20273","San Miguel Peras, Oaxaca, Mexico","Mexico",NA,3
"2022-03-01","MEX484_20_20274","San Miguel Piedras, Oaxaca, Mexico","Mexico",NA,3
"2022-03-01","MEX484_20_20275","San Miguel Quetzaltepec, Oaxaca, Mexico","Mexico",NA,3
"2022-03-01","MEX484_20_20276","San Miguel Santa Flor, Oaxaca, Mexico","Mexico",NA,3
"2022-03-01","MEX484_20_20280","Villa Talea de Castro, Oaxaca, Mexico","Mexico",NA,3
"2022-03-01","MEX484_20_20281","San Miguel Tecomatlán, Oaxaca, Mexico","Mexico",NA,3
"2022-03-01","MEX484_20_20282","San Miguel Tenango, Oaxaca, Mexico","Mexico",NA,3
"2022-03-01","MEX484_20_20283","San Miguel Tequixtepec, Oaxaca, Mexico","Mexico",NA,3
"2022-03-01","MEX484_20_20284","San Miguel Tilquiápam, Oaxaca, Mexico","Mexico",NA,3
"2022-03-01","MEX484_20_20285","San Miguel Tlacamama, Oaxaca, Mexico","Mexico",NA,3
"2022-03-01","MEX484_20_20286","San Miguel Tlacotepec, Oaxaca, Mexico","Mexico",NA,3
"2022-03-01","MEX484_20_20287","San Miguel Tulancingo, Oaxaca, Mexico","Mexico",NA,3
"2022-03-01","MEX484_20_20288","San Miguel Yotao, Oaxaca, Mexico","Mexico",NA,3
"2022-03-01","MEX484_20_20289","San Nicolás, Oaxaca, Mexico","Mexico",NA,3
"2022-03-01","MEX484_20_20290","San Nicolás Hidalgo, Oaxaca, Mexico","Mexico",NA,3
"2022-03-01","MEX484_20_20291","San Pablo Coatlán, Oaxaca, Mexico","Mexico",NA,3
"2022-03-01","MEX484_20_20292","San Pablo Cuatro Venados, Oaxaca, Mexico","Mexico",NA,3
"2022-03-01","MEX484_20_20295","San Pablo Huixtepec, Oaxaca, Mexico","Mexico",NA,3
"2022-03-01","MEX484_20_20296","San Pablo Macuiltianguis, Oaxaca, Mexico","Mexico",NA,3
"2022-03-01","MEX484_20_20297","San Pablo Tijaltepec, Oaxaca, Mexico","Mexico",NA,3
"2022-03-01","MEX484_20_20299","San Pablo Yaganiza, Oaxaca, Mexico","Mexico",NA,3
"2022-03-01","MEX484_20_20300","San Pedro Amuzgos, Oaxaca, Mexico","Mexico",NA,3
"2022-03-01","MEX484_20_20301","San Pedro Apóstol, Oaxaca, Mexico","Mexico",NA,3
"2022-03-01","MEX484_20_20302","San Pedro Atoyac, Oaxaca, Mexico","Mexico",NA,3
"2022-03-01","MEX484_20_20303","San Pedro Cajonos, Oaxaca, Mexico","Mexico",NA,3
"2022-03-01","MEX484_20_20304","San Pedro Coxcaltepec Cántaros, Oaxaca, Mexico","Mexico",NA,3
"2022-03-01","MEX484_20_20306","San Pedro el Alto, Oaxaca, Mexico","Mexico",NA,3
"2022-03-01","MEX484_20_20309","San Pedro Ixcatlán, Oaxaca, Mexico","Mexico",NA,3
"2022-03-01","MEX484_20_20311","San Pedro Jaltepetongo, Oaxaca, Mexico","Mexico",NA,3
"2022-03-01","MEX484_20_20313","San Pedro Jocotipac, Oaxaca, Mexico","Mexico",NA,3
"2022-03-01","MEX484_20_20314","San Pedro Juchatengo, Oaxaca, Mexico","Mexico",NA,3
"2022-03-01","MEX484_20_20316","San Pedro Mártir Quiechapa, Oaxaca, Mexico","Mexico",NA,3
"2022-03-01","MEX484_20_20317","San Pedro Mártir Yucuxaco, Oaxaca, Mexico","Mexico",NA,3
"2022-03-01","MEX484_20_20319","San Pedro Mixtepec, Oaxaca, Mexico","Mexico",NA,3
"2022-03-01","MEX484_20_20320","San Pedro Molinos, Oaxaca, Mexico","Mexico",NA,3
"2022-03-01","MEX484_20_20321","San Pedro Nopala, Oaxaca, Mexico","Mexico",NA,3
"2022-03-01","MEX484_20_20322","San Pedro Ocopetatillo, Oaxaca, Mexico","Mexico",NA,3
"2022-03-01","MEX484_20_20323","San Pedro Ocotepec, Oaxaca, Mexico","Mexico",NA,3
"2022-03-01","MEX484_20_20325","San Pedro Quiatoni, Oaxaca, Mexico","Mexico",NA,3
"2022-03-01","MEX484_20_20326","San Pedro Sochiápam, Oaxaca, Mexico","Mexico",NA,3
"2022-03-01","MEX484_20_20328","San Pedro Taviche, Oaxaca, Mexico","Mexico",NA,3
"2022-03-01","MEX484_20_20329","San Pedro Teozacoalco, Oaxaca, Mexico","Mexico",NA,3
"2022-03-01","MEX484_20_20330","San Pedro Teutila, Oaxaca, Mexico","Mexico",NA,3
"2022-03-01","MEX484_20_20331","San Pedro Tidaá, Oaxaca, Mexico","Mexico",NA,3
"2022-03-01","MEX484_20_20332","San Pedro Topiltepec, Oaxaca, Mexico","Mexico",NA,3
"2022-03-01","MEX484_20_20333","San Pedro Totolápam, Oaxaca, Mexico","Mexico",NA,3
"2022-03-01","MEX484_20_20335","San Pedro Yaneri, Oaxaca, Mexico","Mexico",NA,3
"2022-03-01","MEX484_20_20336","San Pedro Yólox, Oaxaca, Mexico","Mexico",NA,3
"2022-03-01","MEX484_20_20337","San Pedro y San Pablo Ayutla, Oaxaca, Mexico","Mexico",NA,3
"2022-03-01","MEX484_20_20339","San Pedro y San Pablo Teposcolula, Oaxaca, Mexico","Mexico",NA,3
"2022-03-01","MEX484_20_20340","San Pedro y San Pablo Tequixtepec, Oaxaca, Mexico","Mexico",NA,3
"2022-03-01","MEX484_20_20344","San Sebastián Coatlán, Oaxaca, Mexico","Mexico",NA,3
"2022-03-01","MEX484_20_20345","San Sebastián Ixcapa, Oaxaca, Mexico","Mexico",NA,3
"2022-03-01","MEX484_20_20346","San Sebastián Nicananduta, Oaxaca, Mexico","Mexico",NA,3
"2022-03-01","MEX484_20_20347","San Sebastián Río Hondo, Oaxaca, Mexico","Mexico",NA,3
"2022-03-01","MEX484_20_20348","San Sebastián Tecomaxtlahuaca, Oaxaca, Mexico","Mexico",NA,3
"2022-03-01","MEX484_20_20351","San Simón Almolongas, Oaxaca, Mexico","Mexico",NA,3
"2022-03-01","MEX484_20_20352","San Simón Zahuatlán, Oaxaca, Mexico","Mexico",NA,3
"2022-03-01","MEX484_20_20353","Santa Ana, Oaxaca, Mexico","Mexico",NA,3
"2022-03-01","MEX484_20_20354","Santa Ana Ateixtlahuaca, Oaxaca, Mexico","Mexico",NA,3
"2022-03-01","MEX484_20_20355","Santa Ana Cuauhtémoc, Oaxaca, Mexico","Mexico",NA,3
"2022-03-01","MEX484_20_20357","Santa Ana Tavela, Oaxaca, Mexico","Mexico",NA,3
"2022-03-01","MEX484_20_20359","Santa Ana Yareni, Oaxaca, Mexico","Mexico",NA,3
"2022-03-01","MEX484_20_20360","Santa Ana Zegache, Oaxaca, Mexico","Mexico",NA,3
"2022-03-01","MEX484_20_20361","Santa Catalina Quierí, Oaxaca, Mexico","Mexico",NA,3
"2022-03-01","MEX484_20_20362","Santa Catarina Cuixtla, Oaxaca, Mexico","Mexico",NA,3
"2022-03-01","MEX484_20_20363","Santa Catarina Ixtepeji, Oaxaca, Mexico","Mexico",NA,3
"2022-03-01","MEX484_20_20366","Santa Catarina Loxicha, Oaxaca, Mexico","Mexico",NA,3
"2022-03-01","MEX484_20_20367","Santa Catarina Mechoacán, Oaxaca, Mexico","Mexico",NA,3
"2022-03-01","MEX484_20_20368","Santa Catarina Minas, Oaxaca, Mexico","Mexico",NA,3
"2022-03-01","MEX484_20_20369","Santa Catarina Quiané, Oaxaca, Mexico","Mexico",NA,3
"2022-03-01","MEX484_20_20370","Santa Catarina Tayata, Oaxaca, Mexico","Mexico",NA,3
"2022-03-01","MEX484_20_20371","Santa Catarina Ticuá, Oaxaca, Mexico","Mexico",NA,3
"2022-03-01","MEX484_20_20373","Santa Catarina Zapoquila, Oaxaca, Mexico","Mexico",NA,3
"2022-03-01","MEX484_20_20374","Santa Cruz Acatepec, Oaxaca, Mexico","Mexico",NA,3
"2022-03-01","MEX484_20_20376","Santa Cruz de Bravo, Oaxaca, Mexico","Mexico",NA,3
"2022-03-01","MEX484_20_20377","Santa Cruz Itundujia, Oaxaca, Mexico","Mexico",NA,3
"2022-03-01","MEX484_20_20378","Santa Cruz Mixtepec, Oaxaca, Mexico","Mexico",NA,3
"2022-03-01","MEX484_20_20379","Santa Cruz Nundaco, Oaxaca, Mexico","Mexico",NA,3
"2022-03-01","MEX484_20_20380","Santa Cruz Papalutla, Oaxaca, Mexico","Mexico",NA,3
"2022-03-01","MEX484_20_20381","Santa Cruz Tacache de Mina, Oaxaca, Mexico","Mexico",NA,3
"2022-03-01","MEX484_20_20382","Santa Cruz Tacahua, Oaxaca, Mexico","Mexico",NA,3
"2022-03-01","MEX484_20_20383","Santa Cruz Tayata, Oaxaca, Mexico","Mexico",NA,3
"2022-03-01","MEX484_20_20384","Santa Cruz Xitla, Oaxaca, Mexico","Mexico",NA,3
"2022-03-01","MEX484_20_20388","Santa Inés del Monte, Oaxaca, Mexico","Mexico",NA,3
"2022-03-01","MEX484_20_20389","Santa Inés Yatzeche, Oaxaca, Mexico","Mexico",NA,3
"2022-03-01","MEX484_20_20391","Santa Lucía Miahuatlán, Oaxaca, Mexico","Mexico",NA,3
"2022-03-01","MEX484_20_20392","Santa Lucía Monteverde, Oaxaca, Mexico","Mexico",NA,3
"2022-03-01","MEX484_20_20393","Santa Lucía Ocotlán, Oaxaca, Mexico","Mexico",NA,3
"2022-03-01","MEX484_20_20394","Santa María Alotepec, Oaxaca, Mexico","Mexico",NA,3
"2022-03-01","MEX484_20_20395","Santa María Apazco, Oaxaca, Mexico","Mexico",NA,3
"2022-03-01","MEX484_20_20396","Santa María la Asunción, Oaxaca, Mexico","Mexico",NA,3
"2022-03-01","MEX484_20_20400","Santa María Camotlán, Oaxaca, Mexico","Mexico",NA,3
"2022-03-01","MEX484_20_20402","Santa María Cortijo, Oaxaca, Mexico","Mexico",NA,3
"2022-03-01","MEX484_20_20405","Villa de Chilapa de Díaz, Oaxaca, Mexico","Mexico",NA,3
"2022-03-01","MEX484_20_20406","Santa María Chilchotla, Oaxaca, Mexico","Mexico",NA,3
"2022-03-01","MEX484_20_20407","Santa María Chimalapa, Oaxaca, Mexico","Mexico",NA,3
"2022-03-01","MEX484_20_20408","Santa María del Rosario, Oaxaca, Mexico","Mexico",NA,3
"2022-03-01","MEX484_20_20410","Santa María Ecatepec, Oaxaca, Mexico","Mexico",NA,3
"2022-03-01","MEX484_20_20411","Santa María Guelacé, Oaxaca, Mexico","Mexico",NA,3
"2022-03-01","MEX484_20_20412","Santa María Guienagati, Oaxaca, Mexico","Mexico",NA,3
"2022-03-01","MEX484_20_20415","Santa María Ipalapa, Oaxaca, Mexico","Mexico",NA,3
"2022-03-01","MEX484_20_20416","Santa María Ixcatlán, Oaxaca, Mexico","Mexico",NA,3
"2022-03-01","MEX484_20_20420","Santa María Lachixío, Oaxaca, Mexico","Mexico",NA,3
"2022-03-01","MEX484_20_20422","Santa María Nativitas, Oaxaca, Mexico","Mexico",NA,3
"2022-03-01","MEX484_20_20423","Santa María Nduayaco, Oaxaca, Mexico","Mexico",NA,3
"2022-03-01","MEX484_20_20425","Santa María Pápalo, Oaxaca, Mexico","Mexico",NA,3
"2022-03-01","MEX484_20_20426","Santa María Peñoles, Oaxaca, Mexico","Mexico",NA,3
"2022-03-01","MEX484_20_20428","Santa María Quiegolani, Oaxaca, Mexico","Mexico",NA,3
"2022-03-01","MEX484_20_20429","Santa María Sola, Oaxaca, Mexico","Mexico",NA,3
"2022-03-01","MEX484_20_20430","Santa María Tataltepec, Oaxaca, Mexico","Mexico",NA,3
"2022-03-01","MEX484_20_20432","Santa María Temaxcalapa, Oaxaca, Mexico","Mexico",NA,3
"2022-03-01","MEX484_20_20433","Santa María Temaxcaltepec, Oaxaca, Mexico","Mexico",NA,3
"2022-03-01","MEX484_20_20434","Santa María Teopoxco, Oaxaca, Mexico","Mexico",NA,3
"2022-03-01","MEX484_20_20435","Santa María Tepantlali, Oaxaca, Mexico","Mexico",NA,3
"2022-03-01","MEX484_20_20436","Santa María Texcatitlán, Oaxaca, Mexico","Mexico",NA,3
"2022-03-01","MEX484_20_20438","Santa María Tlalixtac, Oaxaca, Mexico","Mexico",NA,3
"2022-03-01","MEX484_20_20440","Santa María Totolapilla, Oaxaca, Mexico","Mexico",NA,3
"2022-03-01","MEX484_20_20442","Santa María Yalina, Oaxaca, Mexico","Mexico",NA,3
"2022-03-01","MEX484_20_20444","Santa María Yolotepec, Oaxaca, Mexico","Mexico",NA,3
"2022-03-01","MEX484_20_20445","Santa María Yosoyúa, Oaxaca, Mexico","Mexico",NA,3
"2022-03-01","MEX484_20_20446","Santa María Yucuhiti, Oaxaca, Mexico","Mexico",NA,3
"2022-03-01","MEX484_20_20448","Santa María Zaniza, Oaxaca, Mexico","Mexico",NA,3
"2022-03-01","MEX484_20_20449","Santa María Zoquitlán, Oaxaca, Mexico","Mexico",NA,3
"2022-03-01","MEX484_20_20450","Santiago Amoltepec, Oaxaca, Mexico","Mexico",NA,3
"2022-03-01","MEX484_20_20451","Santiago Apoala, Oaxaca, Mexico","Mexico",NA,3
"2022-03-01","MEX484_20_20452","Santiago Apóstol, Oaxaca, Mexico","Mexico",NA,3
"2022-03-01","MEX484_20_20454","Santiago Atitlán, Oaxaca, Mexico","Mexico",NA,3
"2022-03-01","MEX484_20_20455","Santiago Ayuquililla, Oaxaca, Mexico","Mexico",NA,3
"2022-03-01","MEX484_20_20456","Santiago Cacaloxtepec, Oaxaca, Mexico","Mexico",NA,3
"2022-03-01","MEX484_20_20459","Santiago Chazumba, Oaxaca, Mexico","Mexico",NA,3
"2022-03-01","MEX484_20_20460","Santiago Choápam, Oaxaca, Mexico","Mexico",NA,3
"2022-03-01","MEX484_20_20461","Santiago del Río, Oaxaca, Mexico","Mexico",NA,3
"2022-03-01","MEX484_20_20463","Santiago Huauclilla, Oaxaca, Mexico","Mexico",NA,3
"2022-03-01","MEX484_20_20464","Santiago Ihuitlán Plumas, Oaxaca, Mexico","Mexico",NA,3
"2022-03-01","MEX484_20_20465","Santiago Ixcuintepec, Oaxaca, Mexico","Mexico",NA,3
"2022-03-01","MEX484_20_20466","Santiago Ixtayutla, Oaxaca, Mexico","Mexico",NA,3
"2022-03-01","MEX484_20_20468","Santiago Jocotepec, Oaxaca, Mexico","Mexico",NA,3
"2022-03-01","MEX484_20_20470","Santiago Lachiguiri, Oaxaca, Mexico","Mexico",NA,3
"2022-03-01","MEX484_20_20471","Santiago Lalopa, Oaxaca, Mexico","Mexico",NA,3
"2022-03-01","MEX484_20_20476","Santiago Miltepec, Oaxaca, Mexico","Mexico",NA,3
"2022-03-01","MEX484_20_20477","Santiago Minas, Oaxaca, Mexico","Mexico",NA,3
"2022-03-01","MEX484_20_20478","Santiago Nacaltepec, Oaxaca, Mexico","Mexico",NA,3
"2022-03-01","MEX484_20_20479","Santiago Nejapilla, Oaxaca, Mexico","Mexico",NA,3
"2022-03-01","MEX484_20_20480","Santiago Nundiche, Oaxaca, Mexico","Mexico",NA,3
"2022-03-01","MEX484_20_20481","Santiago Nuyoó, Oaxaca, Mexico","Mexico",NA,3
"2022-03-01","MEX484_20_20484","Santiago Tamazola, Oaxaca, Mexico","Mexico",NA,3
"2022-03-01","MEX484_20_20485","Santiago Tapextla, Oaxaca, Mexico","Mexico",NA,3
"2022-03-01","MEX484_20_20487","Santiago Tenango, Oaxaca, Mexico","Mexico",NA,3
"2022-03-01","MEX484_20_20488","Santiago Tepetlapa, Oaxaca, Mexico","Mexico",NA,3
"2022-03-01","MEX484_20_20489","Santiago Tetepec, Oaxaca, Mexico","Mexico",NA,3
"2022-03-01","MEX484_20_20490","Santiago Texcalcingo, Oaxaca, Mexico","Mexico",NA,3
"2022-03-01","MEX484_20_20491","Santiago Textitlán, Oaxaca, Mexico","Mexico",NA,3
"2022-03-01","MEX484_20_20492","Santiago Tilantongo, Oaxaca, Mexico","Mexico",NA,3
"2022-03-01","MEX484_20_20493","Santiago Tillo, Oaxaca, Mexico","Mexico",NA,3
"2022-03-01","MEX484_20_20495","Santiago Xanica, Oaxaca, Mexico","Mexico",NA,3
"2022-03-01","MEX484_20_20496","Santiago Xiacuí, Oaxaca, Mexico","Mexico",NA,3
"2022-03-01","MEX484_20_20497","Santiago Yaitepec, Oaxaca, Mexico","Mexico",NA,3
"2022-03-01","MEX484_20_20498","Santiago Yaveo, Oaxaca, Mexico","Mexico",NA,3
"2022-03-01","MEX484_20_20499","Santiago Yolomécatl, Oaxaca, Mexico","Mexico",NA,3
"2022-03-01","MEX484_20_20501","Santiago Yucuyachi, Oaxaca, Mexico","Mexico",NA,3
"2022-03-01","MEX484_20_20502","Santiago Zacatepec, Oaxaca, Mexico","Mexico",NA,3
"2022-03-01","MEX484_20_20503","Santiago Zoochila, Oaxaca, Mexico","Mexico",NA,3
"2022-03-01","MEX484_20_20504","Nuevo Zoquiápam, Oaxaca, Mexico","Mexico",NA,3
"2022-03-01","MEX484_20_20506","Santo Domingo Albarradas, Oaxaca, Mexico","Mexico",NA,3
"2022-03-01","MEX484_20_20507","Santo Domingo Armenta, Oaxaca, Mexico","Mexico",NA,3
"2022-03-01","MEX484_20_20508","Santo Domingo Chihuitán, Oaxaca, Mexico","Mexico",NA,3
"2022-03-01","MEX484_20_20509","Santo Domingo de Morelos, Oaxaca, Mexico","Mexico",NA,3
"2022-03-01","MEX484_20_20510","Santo Domingo Ixcatlán, Oaxaca, Mexico","Mexico",NA,3
"2022-03-01","MEX484_20_20511","Santo Domingo Nuxaá, Oaxaca, Mexico","Mexico",NA,3
"2022-03-01","MEX484_20_20512","Santo Domingo Ozolotepec, Oaxaca, Mexico","Mexico",NA,3
"2022-03-01","MEX484_20_20514","Santo Domingo Roayaga, Oaxaca, Mexico","Mexico",NA,3
"2022-03-01","MEX484_20_20517","Santo Domingo Tepuxtepec, Oaxaca, Mexico","Mexico",NA,3
"2022-03-01","MEX484_20_20518","Santo Domingo Tlatayápam, Oaxaca, Mexico","Mexico",NA,3
"2022-03-01","MEX484_20_20519","Santo Domingo Tomaltepec, Oaxaca, Mexico","Mexico",NA,3
"2022-03-01","MEX484_20_20520","Santo Domingo Tonalá, Oaxaca, Mexico","Mexico",NA,3
"2022-03-01","MEX484_20_20521","Santo Domingo Tonaltepec, Oaxaca, Mexico","Mexico",NA,3
"2022-03-01","MEX484_20_20524","Santo Domingo Yodohino, Oaxaca, Mexico","Mexico",NA,3
"2022-03-01","MEX484_20_20526","Santos Reyes Nopala, Oaxaca, Mexico","Mexico",NA,3
"2022-03-01","MEX484_20_20527","Santos Reyes Pápalo, Oaxaca, Mexico","Mexico",NA,3
"2022-03-01","MEX484_20_20528","Santos Reyes Tepejillo, Oaxaca, Mexico","Mexico",NA,3
"2022-03-01","MEX484_20_20529","Santos Reyes Yucuná, Oaxaca, Mexico","Mexico",NA,3
"2022-03-01","MEX484_20_20530","Santo Tomás Jalieza, Oaxaca, Mexico","Mexico",NA,3
"2022-03-01","MEX484_20_20532","Santo Tomás Ocotepec, Oaxaca, Mexico","Mexico",NA,3
"2022-03-01","MEX484_20_20533","Santo Tomás Tamazulapan, Oaxaca, Mexico","Mexico",NA,3
"2022-03-01","MEX484_20_20534","San Vicente Coatlán, Oaxaca, Mexico","Mexico",NA,3
"2022-03-01","MEX484_20_20535","San Vicente Lachixío, Oaxaca, Mexico","Mexico",NA,3
"2022-03-01","MEX484_20_20536","San Vicente Nuñú, Oaxaca, Mexico","Mexico",NA,3
"2022-03-01","MEX484_20_20538","Sitio de Xitlapehua, Oaxaca, Mexico","Mexico",NA,3
"2022-03-01","MEX484_20_20540","Villa de Tamazulápam del Progreso, Oaxaca, Mexico","Mexico",NA,3
"2022-03-01","MEX484_20_20541","Tanetze de Zaragoza, Oaxaca, Mexico","Mexico",NA,3
"2022-03-01","MEX484_20_20542","Taniche, Oaxaca, Mexico","Mexico",NA,3
"2022-03-01","MEX484_20_20543","Tataltepec de Valdés, Oaxaca, Mexico","Mexico",NA,3
"2022-03-01","MEX484_20_20544","Teococuilco de Marcos Pérez, Oaxaca, Mexico","Mexico",NA,3
"2022-03-01","MEX484_20_20547","Teotongo, Oaxaca, Mexico","Mexico",NA,3
"2022-03-01","MEX484_20_20548","Tepelmeme Villa de Morelos, Oaxaca, Mexico","Mexico",NA,3
"2022-03-01","MEX484_20_20549","Heroica Villa Tezoatlán de Segura y Luna, Cuna de la Independencia de Oaxaca, Oaxaca, Mexico","Mexico",NA,3
"2022-03-01","MEX484_20_20552","Tlacotepec Plumas, Oaxaca, Mexico","Mexico",NA,3
"2022-03-01","MEX484_20_20554","Totontepec Villa de Morelos, Oaxaca, Mexico","Mexico",NA,3
"2022-03-01","MEX484_20_20555","Trinidad Zaachila, Oaxaca, Mexico","Mexico",NA,3
"2022-03-01","MEX484_20_20556","La Trinidad Vista Hermosa, Oaxaca, Mexico","Mexico",NA,3
"2022-03-01","MEX484_20_20560","Villa Díaz Ordaz, Oaxaca, Mexico","Mexico",NA,3
"2022-03-01","MEX484_20_20561","Yaxe, Oaxaca, Mexico","Mexico",NA,3
"2022-03-01","MEX484_20_20562","Magdalena Yodocono de Porfirio Díaz, Oaxaca, Mexico","Mexico",NA,3
"2022-03-01","MEX484_20_20563","Yogana, Oaxaca, Mexico","Mexico",NA,3
"2022-03-01","MEX484_20_20564","Yutanduchi de Guerrero, Oaxaca, Mexico","Mexico",NA,3
"2022-03-01","MEX484_20_20566","San Mateo Yucutindoo, Oaxaca, Mexico","Mexico",NA,3
"2022-03-01","MEX484_20_20568","Zapotitlán Palmas, Oaxaca, Mexico","Mexico",NA,3
"2022-03-01","MEX484_20_20569","Santa Inés de Zaragoza, Oaxaca, Mexico","Mexico",NA,3
"2022-03-01","MEX484_21_21005","Acteopan, Puebla, Mexico","Mexico",NA,3
"2022-03-01","MEX484_21_21009","Ahuehuetitla, Puebla, Mexico","Mexico",NA,3
"2022-03-01","MEX484_21_21011","Albino Zertuche, Puebla, Mexico","Mexico",NA,3
"2022-03-01","MEX484_21_21018","Atexcal, Puebla, Mexico","Mexico",NA,3
"2022-03-01","MEX484_21_21021","Atzala, Puebla, Mexico","Mexico",NA,3
"2022-03-01","MEX484_21_21024","Axutla, Puebla, Mexico","Mexico",NA,3
"2022-03-01","MEX484_21_21027","Caltepec, Puebla, Mexico","Mexico",NA,3
"2022-03-01","MEX484_21_21028","Camocuautla, Puebla, Mexico","Mexico",NA,3
"2022-03-01","MEX484_21_21029","Caxhuacan, Puebla, Mexico","Mexico",NA,3
"2022-03-01","MEX484_21_21030","Coatepec, Puebla, Mexico","Mexico",NA,3
"2022-03-01","MEX484_21_21031","Coatzingo, Puebla, Mexico","Mexico",NA,3
"2022-03-01","MEX484_21_21032","Cohetzala, Puebla, Mexico","Mexico",NA,3
"2022-03-01","MEX484_21_21033","Cohuecan, Puebla, Mexico","Mexico",NA,3
"2022-03-01","MEX484_21_21036","Coyomeapan, Puebla, Mexico","Mexico",NA,3
"2022-03-01","MEX484_21_21037","Coyotepec, Puebla, Mexico","Mexico",NA,3
"2022-03-01","MEX484_21_21039","Cuautempan, Puebla, Mexico","Mexico",NA,3
"2022-03-01","MEX484_21_21042","Cuayuca de Andrade, Puebla, Mexico","Mexico",NA,3
"2022-03-01","MEX484_21_21046","Chapulco, Puebla, Mexico","Mexico",NA,3
"2022-03-01","MEX484_21_21049","Chiconcuautla, Puebla, Mexico","Mexico",NA,3
"2022-03-01","MEX484_21_21050","Chichiquila, Puebla, Mexico","Mexico",NA,3
"2022-03-01","MEX484_21_21052","Chigmecatitlán, Puebla, Mexico","Mexico",NA,3
"2022-03-01","MEX484_21_21055","Chila, Puebla, Mexico","Mexico",NA,3
"2022-03-01","MEX484_21_21056","Chila de la Sal, Puebla, Mexico","Mexico",NA,3
"2022-03-01","MEX484_21_21058","Chilchotla, Puebla, Mexico","Mexico",NA,3
"2022-03-01","MEX484_21_21059","Chinantla, Puebla, Mexico","Mexico",NA,3
"2022-03-01","MEX484_21_21060","Domingo Arenas, Puebla, Mexico","Mexico",NA,3
"2022-03-01","MEX484_21_21065","General Felipe Ángeles, Puebla, Mexico","Mexico",NA,3
"2022-03-01","MEX484_21_21068","Hermenegildo Galeana, Puebla, Mexico","Mexico",NA,3
"2022-03-01","MEX484_21_21070","Huatlatlauca, Puebla, Mexico","Mexico",NA,3
"2022-03-01","MEX484_21_21077","Hueytlalpan, Puebla, Mexico","Mexico",NA,3
"2022-03-01","MEX484_21_21078","Huitzilan de Serdán, Puebla, Mexico","Mexico",NA,3
"2022-03-01","MEX484_21_21079","Huitziltepec, Puebla, Mexico","Mexico",NA,3
"2022-03-01","MEX484_21_21080","Atlequizayan, Puebla, Mexico","Mexico",NA,3
"2022-03-01","MEX484_21_21081","Ixcamilpa de Guerrero, Puebla, Mexico","Mexico",NA,3
"2022-03-01","MEX484_21_21086","Jalpan, Puebla, Mexico","Mexico",NA,3
"2022-03-01","MEX484_21_21087","Jolalpan, Puebla, Mexico","Mexico",NA,3
"2022-03-01","MEX484_21_21088","Jonotla, Puebla, Mexico","Mexico",NA,3
"2022-03-01","MEX484_21_21089","Jopala, Puebla, Mexico","Mexico",NA,3
"2022-03-01","MEX484_21_21093","Lafragua, Puebla, Mexico","Mexico",NA,3
"2022-03-01","MEX484_21_21095","La Magdalena Tlatlauquitepec, Puebla, Mexico","Mexico",NA,3
"2022-03-01","MEX484_21_21096","Mazapiltepec de Juárez, Puebla, Mexico","Mexico",NA,3
"2022-03-01","MEX484_21_21097","Mixtla, Puebla, Mexico","Mexico",NA,3
"2022-03-01","MEX484_21_21098","Molcaxac, Puebla, Mexico","Mexico",NA,3
"2022-03-01","MEX484_21_21100","Naupan, Puebla, Mexico","Mexico",NA,3
"2022-03-01","MEX484_21_21101","Nauzontla, Puebla, Mexico","Mexico",NA,3
"2022-03-01","MEX484_21_21102","Nealtican, Puebla, Mexico","Mexico",NA,3
"2022-03-01","MEX484_21_21103","Nicolás Bravo, Puebla, Mexico","Mexico",NA,3
"2022-03-01","MEX484_21_21107","Olintla, Puebla, Mexico","Mexico",NA,3
"2022-03-01","MEX484_21_21111","Pantepec, Puebla, Mexico","Mexico",NA,3
"2022-03-01","MEX484_21_21120","San Antonio Cañada, Puebla, Mexico","Mexico",NA,3
"2022-03-01","MEX484_21_21123","San Felipe Tepatlán, Puebla, Mexico","Mexico",NA,3
"2022-03-01","MEX484_21_21124","San Gabriel Chilac, Puebla, Mexico","Mexico",NA,3
"2022-03-01","MEX484_21_21127","San Jerónimo Xayacatlán, Puebla, Mexico","Mexico",NA,3
"2022-03-01","MEX484_21_21129","San José Miahuatlán, Puebla, Mexico","Mexico",NA,3
"2022-03-01","MEX484_21_21130","San Juan Atenco, Puebla, Mexico","Mexico",NA,3
"2022-03-01","MEX484_21_21131","San Juan Atzompa, Puebla, Mexico","Mexico",NA,3
"2022-03-01","MEX484_21_21133","San Martín Totoltepec, Puebla, Mexico","Mexico",NA,3
"2022-03-01","MEX484_21_21135","San Miguel Ixitlán, Puebla, Mexico","Mexico",NA,3
"2022-03-01","MEX484_21_21136","San Miguel Xoxtla, Puebla, Mexico","Mexico",NA,3
"2022-03-01","MEX484_21_21137","San Nicolás Buenos Aires, Puebla, Mexico","Mexico",NA,3
"2022-03-01","MEX484_21_21139","San Pablo Anicano, Puebla, Mexico","Mexico",NA,3
"2022-03-01","MEX484_21_21146","Santa Catarina Tlaltempan, Puebla, Mexico","Mexico",NA,3
"2022-03-01","MEX484_21_21147","Santa Inés Ahuatempan, Puebla, Mexico","Mexico",NA,3
"2022-03-01","MEX484_21_21148","Santa Isabel Cholula, Puebla, Mexico","Mexico",NA,3
"2022-03-01","MEX484_21_21150","Huehuetlán el Grande, Puebla, Mexico","Mexico",NA,3
"2022-03-01","MEX484_21_21152","Soltepec, Puebla, Mexico","Mexico",NA,3
"2022-03-01","MEX484_21_21157","Tehuitzingo, Puebla, Mexico","Mexico",NA,3
"2022-03-01","MEX484_21_21159","Teopantlán, Puebla, Mexico","Mexico",NA,3
"2022-03-01","MEX484_21_21160","Teotlalco, Puebla, Mexico","Mexico",NA,3
"2022-03-01","MEX484_21_21162","Tepango de Rodríguez, Puebla, Mexico","Mexico",NA,3
"2022-03-01","MEX484_21_21165","Tepemaxalco, Puebla, Mexico","Mexico",NA,3
"2022-03-01","MEX484_21_21167","Tepetzintla, Puebla, Mexico","Mexico",NA,3
"2022-03-01","MEX484_21_21168","Tepexco, Puebla, Mexico","Mexico",NA,3
"2022-03-01","MEX484_21_21171","Tepeyahualco de Cuauhtémoc, Puebla, Mexico","Mexico",NA,3
"2022-03-01","MEX484_21_21175","Tianguismanalco, Puebla, Mexico","Mexico",NA,3
"2022-03-01","MEX484_21_21181","Tlaltenango, Puebla, Mexico","Mexico",NA,3
"2022-03-01","MEX484_21_21187","Tlaxco, Puebla, Mexico","Mexico",NA,3
"2022-03-01","MEX484_21_21190","Totoltepec de Guerrero, Puebla, Mexico","Mexico",NA,3
"2022-03-01","MEX484_21_21192","Tuzamapan de Galeana, Puebla, Mexico","Mexico",NA,3
"2022-03-01","MEX484_21_21196","Xayacatlán de Bravo, Puebla, Mexico","Mexico",NA,3
"2022-03-01","MEX484_21_21198","Xicotlán, Puebla, Mexico","Mexico",NA,3
"2022-03-01","MEX484_21_21200","Xochiapulco, Puebla, Mexico","Mexico",NA,3
"2022-03-01","MEX484_21_21201","Xochiltepec, Puebla, Mexico","Mexico",NA,3
"2022-03-01","MEX484_21_21202","Xochitlán de Vicente Suárez, Puebla, Mexico","Mexico",NA,3
"2022-03-01","MEX484_21_21209","Zapotitlán, Puebla, Mexico","Mexico",NA,3
"2022-03-01","MEX484_21_21213","Zihuateutla, Puebla, Mexico","Mexico",NA,3
"2022-03-01","MEX484_21_21214","Zinacatepec, Puebla, Mexico","Mexico",NA,3
"2022-03-01","MEX484_21_21215","Zongozotla, Puebla, Mexico","Mexico",NA,3
"2022-03-01","MEX484_21_21216","Zoquiapan, Puebla, Mexico","Mexico",NA,3
"2022-03-01","MEX484_21_21217","Zoquitlán, Puebla, Mexico","Mexico",NA,3
"2022-03-01","MEX484_23_23009","Tulum, Quintana Roo, Mexico","Mexico",NA,3
"2022-03-01","MEX484_24_24002","Alaquines, San Luis Potosí, Mexico","Mexico",NA,3
"2022-03-01","MEX484_24_24004","Armadillo de los Infante, San Luis Potosí, Mexico","Mexico",NA,3
"2022-03-01","MEX484_24_24008","Cerritos, San Luis Potosí, Mexico","Mexico",NA,3
"2022-03-01","MEX484_24_24009","Cerro de San Pedro, San Luis Potosí, Mexico","Mexico",NA,3
"2022-03-01","MEX484_24_24022","Moctezuma, San Luis Potosí, Mexico","Mexico",NA,3
"2022-03-01","MEX484_24_24029","San Martín Chalchicuautla, San Luis Potosí, Mexico","Mexico",NA,3
"2022-03-01","MEX484_24_24030","San Nicolás Tolentino, San Luis Potosí, Mexico","Mexico",NA,3
"2022-03-01","MEX484_24_24031","Santa Catarina, San Luis Potosí, Mexico","Mexico",NA,3
"2022-03-01","MEX484_24_24043","Tierra Nueva, San Luis Potosí, Mexico","Mexico",NA,3
"2022-03-01","MEX484_24_24044","Vanegas, San Luis Potosí, Mexico","Mexico",NA,3
"2022-03-01","MEX484_24_24047","Villa de Guadalupe, San Luis Potosí, Mexico","Mexico",NA,3
"2022-03-01","MEX484_24_24048","Villa de la Paz, San Luis Potosí, Mexico","Mexico",NA,3
"2022-03-01","MEX484_24_24052","Villa Juárez, San Luis Potosí, Mexico","Mexico",NA,3
"2022-03-01","MEX484_24_24056","Villa de Arista, San Luis Potosí, Mexico","Mexico",NA,3
"2022-03-01","MEX484_25_25005","Cosalá, Sinaloa, Mexico","Mexico",NA,3
"2022-03-01","MEX484_25_25016","San Ignacio, Sinaloa, Mexico","Mexico",NA,3
"2022-03-01","MEX484_26_26001","Aconchi, Sonora, Mexico","Mexico",NA,3
"2022-03-01","MEX484_26_26006","Arizpe, Sonora, Mexico","Mexico",NA,3
"2022-03-01","MEX484_26_26007","Atil, Sonora, Mexico","Mexico",NA,3
"2022-03-01","MEX484_26_26008","Bacadéhuachi, Sonora, Mexico","Mexico",NA,3
"2022-03-01","MEX484_26_26009","Bacanora, Sonora, Mexico","Mexico",NA,3
"2022-03-01","MEX484_26_26010","Bacerac, Sonora, Mexico","Mexico",NA,3
"2022-03-01","MEX484_26_26011","Bacoachi, Sonora, Mexico","Mexico",NA,3
"2022-03-01","MEX484_26_26013","Banámichi, Sonora, Mexico","Mexico",NA,3
"2022-03-01","MEX484_26_26015","Bavispe, Sonora, Mexico","Mexico",NA,3
"2022-03-01","MEX484_26_26021","La Colorada, Sonora, Mexico","Mexico",NA,3
"2022-03-01","MEX484_26_26022","Cucurpe, Sonora, Mexico","Mexico",NA,3
"2022-03-01","MEX484_26_26024","Divisaderos, Sonora, Mexico","Mexico",NA,3
"2022-03-01","MEX484_26_26028","Granados, Sonora, Mexico","Mexico",NA,3
"2022-03-01","MEX484_26_26031","Huachinera, Sonora, Mexico","Mexico",NA,3
"2022-03-01","MEX484_26_26032","Huásabas, Sonora, Mexico","Mexico",NA,3
"2022-03-01","MEX484_26_26034","Huépac, Sonora, Mexico","Mexico",NA,3
"2022-03-01","MEX484_26_26037","Mazatán, Sonora, Mexico","Mexico",NA,3
"2022-03-01","MEX484_26_26039","Naco, Sonora, Mexico","Mexico",NA,3
"2022-03-01","MEX484_26_26040","Nácori Chico, Sonora, Mexico","Mexico",NA,3
"2022-03-01","MEX484_26_26044","Onavas, Sonora, Mexico","Mexico",NA,3
"2022-03-01","MEX484_26_26045","Opodepe, Sonora, Mexico","Mexico",NA,3
"2022-03-01","MEX484_26_26046","Oquitoa, Sonora, Mexico","Mexico",NA,3
"2022-03-01","MEX484_26_26050","Rayón, Sonora, Mexico","Mexico",NA,3
"2022-03-01","MEX484_26_26051","Rosario, Sonora, Mexico","Mexico",NA,3
"2022-03-01","MEX484_26_26053","San Felipe de Jesús, Sonora, Mexico","Mexico",NA,3
"2022-03-01","MEX484_26_26054","San Javier, Sonora, Mexico","Mexico",NA,3
"2022-03-01","MEX484_26_26059","Santa Cruz, Sonora, Mexico","Mexico",NA,3
"2022-03-01","MEX484_26_26060","Sáric, Sonora, Mexico","Mexico",NA,3
"2022-03-01","MEX484_26_26061","Soyopa, Sonora, Mexico","Mexico",NA,3
"2022-03-01","MEX484_26_26062","Suaqui Grande, Sonora, Mexico","Mexico",NA,3
"2022-03-01","MEX484_26_26063","Tepache, Sonora, Mexico","Mexico",NA,3
"2022-03-01","MEX484_26_26064","Trincheras, Sonora, Mexico","Mexico",NA,3
"2022-03-01","MEX484_26_26065","Tubutama, Sonora, Mexico","Mexico",NA,3
"2022-03-01","MEX484_26_26067","Villa Hidalgo, Sonora, Mexico","Mexico",NA,3
"2022-03-01","MEX484_26_26068","Villa Pesqueira, Sonora, Mexico","Mexico",NA,3
"2022-03-01","MEX484_26_26069","Yécora, Sonora, Mexico","Mexico",NA,3
"2022-03-01","MEX484_28_28001","Abasolo, Tamaulipas, Mexico","Mexico",NA,3
"2022-03-01","MEX484_28_28005","Burgos, Tamaulipas, Mexico","Mexico",NA,3
"2022-03-01","MEX484_28_28006","Bustamante, Tamaulipas, Mexico","Mexico",NA,3
"2022-03-01","MEX484_28_28008","Casas, Tamaulipas, Mexico","Mexico",NA,3
"2022-03-01","MEX484_28_28011","Gómez Farías, Tamaulipas, Mexico","Mexico",NA,3
"2022-03-01","MEX484_28_28015","Gustavo Díaz Ordaz, Tamaulipas, Mexico","Mexico",NA,3
"2022-03-01","MEX484_28_28023","Méndez, Tamaulipas, Mexico","Mexico",NA,3
"2022-03-01","MEX484_28_28026","Miquihuana, Tamaulipas, Mexico","Mexico",NA,3
"2022-03-01","MEX484_28_28028","Nuevo Morelos, Tamaulipas, Mexico","Mexico",NA,3
"2022-03-01","MEX484_28_28031","Palmillas, Tamaulipas, Mexico","Mexico",NA,3
"2022-03-01","MEX484_28_28036","San Nicolás, Tamaulipas, Mexico","Mexico",NA,3
"2022-03-01","MEX484_28_28042","Villagrán, Tamaulipas, Mexico","Mexico",NA,3
"2022-03-01","MEX484_29_29007","El Carmen Tequexquitla, Tlaxcala, Mexico","Mexico",NA,3
"2022-03-01","MEX484_29_29037","Ziltlaltépec de Trinidad Sánchez Santos, Tlaxcala, Mexico","Mexico",NA,3
"2022-03-01","MEX484_29_29045","Benito Juárez, Tlaxcala, Mexico","Mexico",NA,3
"2022-03-01","MEX484_29_29046","Emiliano Zapata, Tlaxcala, Mexico","Mexico",NA,3
"2022-03-01","MEX484_29_29052","San José Teacalco, Tlaxcala, Mexico","Mexico",NA,3
"2022-03-01","MEX484_30_30002","Acatlán, Veracruz de Ignacio de la Llave, Mexico","Mexico",NA,3
"2022-03-01","MEX484_30_30007","Camarón de Tejeda, Veracruz de Ignacio de la Llave, Mexico","Mexico",NA,3
"2022-03-01","MEX484_30_30008","Alpatláhuac, Veracruz de Ignacio de la Llave, Mexico","Mexico",NA,3
"2022-03-01","MEX484_30_30009","Alto Lucero de Gutiérrez Barrios, Veracruz de Ignacio de la Llave, Mexico","Mexico",NA,3
"2022-03-01","MEX484_30_30018","Aquila, Veracruz de Ignacio de la Llave, Mexico","Mexico",NA,3
"2022-03-01","MEX484_30_30019","Astacinga, Veracruz de Ignacio de la Llave, Mexico","Mexico",NA,3
"2022-03-01","MEX484_30_30021","Atoyac, Veracruz de Ignacio de la Llave, Mexico","Mexico",NA,3
"2022-03-01","MEX484_30_30024","Tlaltetela, Veracruz de Ignacio de la Llave, Mexico","Mexico",NA,3
"2022-03-01","MEX484_30_30025","Ayahualulco, Veracruz de Ignacio de la Llave, Mexico","Mexico",NA,3
"2022-03-01","MEX484_30_30029","Calcahualco, Veracruz de Ignacio de la Llave, Mexico","Mexico",NA,3
"2022-03-01","MEX484_30_30034","Cerro Azul, Veracruz de Ignacio de la Llave, Mexico","Mexico",NA,3
"2022-03-01","MEX484_30_30035","Citlaltépetl, Veracruz de Ignacio de la Llave, Mexico","Mexico",NA,3
"2022-03-01","MEX484_30_30041","Coetzala, Veracruz de Ignacio de la Llave, Mexico","Mexico",NA,3
"2022-03-01","MEX484_30_30042","Colipa, Veracruz de Ignacio de la Llave, Mexico","Mexico",NA,3
"2022-03-01","MEX484_30_30046","Cosautlán de Carvajal, Veracruz de Ignacio de la Llave, Mexico","Mexico",NA,3
"2022-03-01","MEX484_30_30050","Coxquihui, Veracruz de Ignacio de la Llave, Mexico","Mexico",NA,3
"2022-03-01","MEX484_30_30051","Coyutla, Veracruz de Ignacio de la Llave, Mexico","Mexico",NA,3
"2022-03-01","MEX484_30_30056","Chiconamel, Veracruz de Ignacio de la Llave, Mexico","Mexico",NA,3
"2022-03-01","MEX484_30_30057","Chiconquiaco, Veracruz de Ignacio de la Llave, Mexico","Mexico",NA,3
"2022-03-01","MEX484_30_30060","Chinampa de Gorostiza, Veracruz de Ignacio de la Llave, Mexico","Mexico",NA,3
"2022-03-01","MEX484_30_30063","Chontla, Veracruz de Ignacio de la Llave, Mexico","Mexico",NA,3
"2022-03-01","MEX484_30_30064","Chumatlán, Veracruz de Ignacio de la Llave, Mexico","Mexico",NA,3
"2022-03-01","MEX484_30_30066","Espinal, Veracruz de Ignacio de la Llave, Mexico","Mexico",NA,3
"2022-03-01","MEX484_30_30067","Filomeno Mata, Veracruz de Ignacio de la Llave, Mexico","Mexico",NA,3
"2022-03-01","MEX484_30_30070","Hidalgotitlán, Veracruz de Ignacio de la Llave, Mexico","Mexico",NA,3
"2022-03-01","MEX484_30_30072","Huayacocotla, Veracruz de Ignacio de la Llave, Mexico","Mexico",NA,3
"2022-03-01","MEX484_30_30075","Ignacio de la Llave, Veracruz de Ignacio de la Llave, Mexico","Mexico",NA,3
"2022-03-01","MEX484_30_30076","Ilamatlán, Veracruz de Ignacio de la Llave, Mexico","Mexico",NA,3
"2022-03-01","MEX484_30_30078","Ixcatepec, Veracruz de Ignacio de la Llave, Mexico","Mexico",NA,3
"2022-03-01","MEX484_30_30082","Ixhuatlán del Sureste, Veracruz de Ignacio de la Llave, Mexico","Mexico",NA,3
"2022-03-01","MEX484_30_30083","Ixhuatlán de Madero, Veracruz de Ignacio de la Llave, Mexico","Mexico",NA,3
"2022-03-01","MEX484_30_30088","Jalcomulco, Veracruz de Ignacio de la Llave, Mexico","Mexico",NA,3
"2022-03-01","MEX484_30_30095","Juchique de Ferrer, Veracruz de Ignacio de la Llave, Mexico","Mexico",NA,3
"2022-03-01","MEX484_30_30096","Landero y Coss, Veracruz de Ignacio de la Llave, Mexico","Mexico",NA,3
"2022-03-01","MEX484_30_30098","Magdalena, Veracruz de Ignacio de la Llave, Mexico","Mexico",NA,3
"2022-03-01","MEX484_30_30103","Mecatlán, Veracruz de Ignacio de la Llave, Mexico","Mexico",NA,3
"2022-03-01","MEX484_30_30107","Las Minas, Veracruz de Ignacio de la Llave, Mexico","Mexico",NA,3
"2022-03-01","MEX484_30_30110","Mixtla de Altamirano, Veracruz de Ignacio de la Llave, Mexico","Mexico",NA,3
"2022-03-01","MEX484_30_30113","Naranjal, Veracruz de Ignacio de la Llave, Mexico","Mexico",NA,3
"2022-03-01","MEX484_30_30117","Omealca, Veracruz de Ignacio de la Llave, Mexico","Mexico",NA,3
"2022-03-01","MEX484_30_30127","La Perla, Veracruz de Ignacio de la Llave, Mexico","Mexico",NA,3
"2022-03-01","MEX484_30_30129","Platón Sánchez, Veracruz de Ignacio de la Llave, Mexico","Mexico",NA,3
"2022-03-01","MEX484_30_30130","Playa Vicente, Veracruz de Ignacio de la Llave, Mexico","Mexico",NA,3
"2022-03-01","MEX484_30_30137","Los Reyes, Veracruz de Ignacio de la Llave, Mexico","Mexico",NA,3
"2022-03-01","MEX484_30_30142","San Juan Evangelista, Veracruz de Ignacio de la Llave, Mexico","Mexico",NA,3
"2022-03-01","MEX484_30_30144","Sayula de Alemán, Veracruz de Ignacio de la Llave, Mexico","Mexico",NA,3
"2022-03-01","MEX484_30_30145","Soconusco, Veracruz de Ignacio de la Llave, Mexico","Mexico",NA,3
"2022-03-01","MEX484_30_30146","Sochiapa, Veracruz de Ignacio de la Llave, Mexico","Mexico",NA,3
"2022-03-01","MEX484_30_30147","Soledad Atzompa, Veracruz de Ignacio de la Llave, Mexico","Mexico",NA,3
"2022-03-01","MEX484_30_30149","Soteapan, Veracruz de Ignacio de la Llave, Mexico","Mexico",NA,3
"2022-03-01","MEX484_30_30156","Tatatila, Veracruz de Ignacio de la Llave, Mexico","Mexico",NA,3
"2022-03-01","MEX484_30_30162","Tenampa, Veracruz de Ignacio de la Llave, Mexico","Mexico",NA,3
"2022-03-01","MEX484_30_30163","Tenochtitlán, Veracruz de Ignacio de la Llave, Mexico","Mexico",NA,3
"2022-03-01","MEX484_30_30165","Tepatlaxco, Veracruz de Ignacio de la Llave, Mexico","Mexico",NA,3
"2022-03-01","MEX484_30_30170","Texcatepec, Veracruz de Ignacio de la Llave, Mexico","Mexico",NA,3
"2022-03-01","MEX484_30_30180","Tlachichilco, Veracruz de Ignacio de la Llave, Mexico","Mexico",NA,3
"2022-03-01","MEX484_30_30184","Tlaquilpa, Veracruz de Ignacio de la Llave, Mexico","Mexico",NA,3
"2022-03-01","MEX484_30_30187","Tonayán, Veracruz de Ignacio de la Llave, Mexico","Mexico",NA,3
"2022-03-01","MEX484_30_30188","Totutla, Veracruz de Ignacio de la Llave, Mexico","Mexico",NA,3
"2022-03-01","MEX484_30_30194","Villa Aldama, Veracruz de Ignacio de la Llave, Mexico","Mexico",NA,3
"2022-03-01","MEX484_30_30195","Xoxocotla, Veracruz de Ignacio de la Llave, Mexico","Mexico",NA,3
"2022-03-01","MEX484_30_30197","Yecuatla, Veracruz de Ignacio de la Llave, Mexico","Mexico",NA,3
"2022-03-01","MEX484_30_30198","Zacualpan, Veracruz de Ignacio de la Llave, Mexico","Mexico",NA,3
"2022-03-01","MEX484_30_30199","Zaragoza, Veracruz de Ignacio de la Llave, Mexico","Mexico",NA,3
"2022-03-01","MEX484_30_30202","Zontecomatlán de López y Fuentes, Veracruz de Ignacio de la Llave, Mexico","Mexico",NA,3
"2022-03-01","MEX484_30_30209","Tatahuicapan de Juárez, Veracruz de Ignacio de la Llave, Mexico","Mexico",NA,3
"2022-03-01","MEX484_30_30210","Uxpanapa, Veracruz de Ignacio de la Llave, Mexico","Mexico",NA,3
"2022-03-01","MEX484_30_30212","Santiago Sochiapan, Veracruz de Ignacio de la Llave, Mexico","Mexico",NA,3
"2022-03-01","MEX484_31_31001","Abalá, Yucatán, Mexico","Mexico",NA,3
"2022-03-01","MEX484_31_31005","Bokobá, Yucatán, Mexico","Mexico",NA,3
"2022-03-01","MEX484_31_31008","Calotmul, Yucatán, Mexico","Mexico",NA,3
"2022-03-01","MEX484_31_31009","Cansahcab, Yucatán, Mexico","Mexico",NA,3
"2022-03-01","MEX484_31_31010","Cantamayec, Yucatán, Mexico","Mexico",NA,3
"2022-03-01","MEX484_31_31011","Celestún, Yucatán, Mexico","Mexico",NA,3
"2022-03-01","MEX484_31_31012","Cenotillo, Yucatán, Mexico","Mexico",NA,3
"2022-03-01","MEX484_31_31014","Cuncunul, Yucatán, Mexico","Mexico",NA,3
"2022-03-01","MEX484_31_31015","Cuzamá, Yucatán, Mexico","Mexico",NA,3
"2022-03-01","MEX484_31_31016","Chacsinkín, Yucatán, Mexico","Mexico",NA,3
"2022-03-01","MEX484_31_31018","Chapab, Yucatán, Mexico","Mexico",NA,3
"2022-03-01","MEX484_31_31019","Chemax, Yucatán, Mexico","Mexico",NA,3
"2022-03-01","MEX484_31_31020","Chicxulub Pueblo, Yucatán, Mexico","Mexico",NA,3
"2022-03-01","MEX484_31_31021","Chichimilá, Yucatán, Mexico","Mexico",NA,3
"2022-03-01","MEX484_31_31022","Chikindzonot, Yucatán, Mexico","Mexico",NA,3
"2022-03-01","MEX484_31_31023","Chocholá, Yucatán, Mexico","Mexico",NA,3
"2022-03-01","MEX484_31_31024","Chumayel, Yucatán, Mexico","Mexico",NA,3
"2022-03-01","MEX484_31_31025","Dzán, Yucatán, Mexico","Mexico",NA,3
"2022-03-01","MEX484_31_31026","Dzemul, Yucatán, Mexico","Mexico",NA,3
"2022-03-01","MEX484_31_31027","Dzidzantún, Yucatán, Mexico","Mexico",NA,3
"2022-03-01","MEX484_31_31028","Dzilam de Bravo, Yucatán, Mexico","Mexico",NA,3
"2022-03-01","MEX484_31_31031","Dzoncauich, Yucatán, Mexico","Mexico",NA,3
"2022-03-01","MEX484_31_31034","Hocabá, Yucatán, Mexico","Mexico",NA,3
"2022-03-01","MEX484_31_31035","Hoctún, Yucatán, Mexico","Mexico",NA,3
"2022-03-01","MEX484_31_31036","Homún, Yucatán, Mexico","Mexico",NA,3
"2022-03-01","MEX484_31_31037","Huhí, Yucatán, Mexico","Mexico",NA,3
"2022-03-01","MEX484_31_31039","Ixil, Yucatán, Mexico","Mexico",NA,3
"2022-03-01","MEX484_31_31042","Kantunil, Yucatán, Mexico","Mexico",NA,3
"2022-03-01","MEX484_31_31043","Kaua, Yucatán, Mexico","Mexico",NA,3
"2022-03-01","MEX484_31_31044","Kinchil, Yucatán, Mexico","Mexico",NA,3
"2022-03-01","MEX484_31_31045","Kopomá, Yucatán, Mexico","Mexico",NA,3
"2022-03-01","MEX484_31_31046","Mama, Yucatán, Mexico","Mexico",NA,3
"2022-03-01","MEX484_31_31047","Maní, Yucatán, Mexico","Mexico",NA,3
"2022-03-01","MEX484_31_31049","Mayapán, Yucatán, Mexico","Mexico",NA,3
"2022-03-01","MEX484_31_31053","Muna, Yucatán, Mexico","Mexico",NA,3
"2022-03-01","MEX484_31_31054","Muxupip, Yucatán, Mexico","Mexico",NA,3
"2022-03-01","MEX484_31_31060","Quintana Roo, Yucatán, Mexico","Mexico",NA,3
"2022-03-01","MEX484_31_31061","Río Lagartos, Yucatán, Mexico","Mexico",NA,3
"2022-03-01","MEX484_31_31062","Sacalum, Yucatán, Mexico","Mexico",NA,3
"2022-03-01","MEX484_31_31064","Sanahcat, Yucatán, Mexico","Mexico",NA,3
"2022-03-01","MEX484_31_31065","San Felipe, Yucatán, Mexico","Mexico",NA,3
"2022-03-01","MEX484_31_31068","Sinanché, Yucatán, Mexico","Mexico",NA,3
"2022-03-01","MEX484_31_31069","Sotuta, Yucatán, Mexico","Mexico",NA,3
"2022-03-01","MEX484_31_31071","Sudzal, Yucatán, Mexico","Mexico",NA,3
"2022-03-01","MEX484_31_31072","Suma, Yucatán, Mexico","Mexico",NA,3
"2022-03-01","MEX484_31_31073","Tahdziú, Yucatán, Mexico","Mexico",NA,3
"2022-03-01","MEX484_31_31074","Tahmek, Yucatán, Mexico","Mexico",NA,3
"2022-03-01","MEX484_31_31075","Teabo, Yucatán, Mexico","Mexico",NA,3
"2022-03-01","MEX484_31_31076","Tecoh, Yucatán, Mexico","Mexico",NA,3
"2022-03-01","MEX484_31_31077","Tekal de Venegas, Yucatán, Mexico","Mexico",NA,3
"2022-03-01","MEX484_31_31078","Tekantó, Yucatán, Mexico","Mexico",NA,3
"2022-03-01","MEX484_31_31080","Tekit, Yucatán, Mexico","Mexico",NA,3
"2022-03-01","MEX484_31_31081","Tekom, Yucatán, Mexico","Mexico",NA,3
"2022-03-01","MEX484_31_31082","Telchac Pueblo, Yucatán, Mexico","Mexico",NA,3
"2022-03-01","MEX484_31_31083","Telchac Puerto, Yucatán, Mexico","Mexico",NA,3
"2022-03-01","MEX484_31_31084","Temax, Yucatán, Mexico","Mexico",NA,3
"2022-03-01","MEX484_31_31086","Tepakán, Yucatán, Mexico","Mexico",NA,3
"2022-03-01","MEX484_31_31087","Tetiz, Yucatán, Mexico","Mexico",NA,3
"2022-03-01","MEX484_31_31088","Teya, Yucatán, Mexico","Mexico",NA,3
"2022-03-01","MEX484_31_31090","Timucuy, Yucatán, Mexico","Mexico",NA,3
"2022-03-01","MEX484_31_31091","Tinum, Yucatán, Mexico","Mexico",NA,3
"2022-03-01","MEX484_31_31094","Tixmehuac, Yucatán, Mexico","Mexico",NA,3
"2022-03-01","MEX484_31_31097","Tunkás, Yucatán, Mexico","Mexico",NA,3
"2022-03-01","MEX484_31_31099","Uayma, Yucatán, Mexico","Mexico",NA,3
"2022-03-01","MEX484_31_31100","Ucú, Yucatán, Mexico","Mexico",NA,3
"2022-03-01","MEX484_31_31103","Xocchel, Yucatán, Mexico","Mexico",NA,3
"2022-03-01","MEX484_31_31104","Yaxcabá, Yucatán, Mexico","Mexico",NA,3
"2022-03-01","MEX484_31_31106","Yobaín, Yucatán, Mexico","Mexico",NA,3
"2022-03-01","MEX484_32_32001","Apozol, Zacatecas, Mexico","Mexico",NA,3
"2022-03-01","MEX484_32_32002","Apulco, Zacatecas, Mexico","Mexico",NA,3
"2022-03-01","MEX484_32_32003","Atolinga, Zacatecas, Mexico","Mexico",NA,3
"2022-03-01","MEX484_32_32004","Benito Juárez, Zacatecas, Mexico","Mexico",NA,3
"2022-03-01","MEX484_32_32006","Cañitas de Felipe Pescador, Zacatecas, Mexico","Mexico",NA,3
"2022-03-01","MEX484_32_32011","Trinidad García de la Cadena, Zacatecas, Mexico","Mexico",NA,3
"2022-03-01","MEX484_32_32014","General Francisco R. Murguía, Zacatecas, Mexico","Mexico",NA,3
"2022-03-01","MEX484_32_32015","El Plateado de Joaquín Amaro, Zacatecas, Mexico","Mexico",NA,3
"2022-03-01","MEX484_32_32018","Huanusco, Zacatecas, Mexico","Mexico",NA,3
"2022-03-01","MEX484_32_32019","Jalpa, Zacatecas, Mexico","Mexico",NA,3
"2022-03-01","MEX484_32_32027","Melchor Ocampo, Zacatecas, Mexico","Mexico",NA,3
"2022-03-01","MEX484_32_32029","Miguel Auza, Zacatecas, Mexico","Mexico",NA,3
"2022-03-01","MEX484_32_32033","Moyahua de Estrada, Zacatecas, Mexico","Mexico",NA,3
"2022-03-01","MEX484_32_32041","El Salvador, Zacatecas, Mexico","Mexico",NA,3
"2022-03-01","MEX484_32_32043","Susticacán, Zacatecas, Mexico","Mexico",NA,3
"2022-03-01","MEX484_32_32045","Tepechitlán, Zacatecas, Mexico","Mexico",NA,3
"2022-03-01","MEX484_32_32046","Tepetongo, Zacatecas, Mexico","Mexico",NA,3
"2022-03-01","MEX484_32_32049","Valparaíso, Zacatecas, Mexico","Mexico",NA,3
"2022-03-01","MEX484_32_32051","Villa de Cos, Zacatecas, Mexico","Mexico",NA,3
"2022-03-01","MEX484_32_32052","Villa García, Zacatecas, Mexico","Mexico",NA,3
"2022-03-01","MEX484_32_32053","Villa González Ortega, Zacatecas, Mexico","Mexico",NA,3
"2022-03-01","MEX484_32_32054","Villa Hidalgo, Zacatecas, Mexico","Mexico",NA,3
"2022-03-01","MEX484_32_32058","Santa María de la Paz, Zacatecas, Mexico","Mexico",NA,3
"2022-03-03","NOR578_11_1151","Utsira, Norway","Norway",NA,3
"2022-03-03","NOR578_50_5043","Røyrvik, Norway","Norway",NA,3
"2022-03-01","CHN156_00_CN-13","Hebei, China","China",NA,3
"2022-03-01","CHN156_00_CN-36","Jiangxi, China","China",NA,3
"2022-03-01","CHN156_00_CN-52","Guizhou, China","China",NA,3
"2022-03-01","CHN156_00_CN-54","Tibet, China","China",NA,3
"2022-03-01","CHN156_00_CN-61","Shaanxi, China","China",NA,3
"2022-03-01","CHN156_00_CN-63","Qinghai, China","China",NA,3
"2022-03-01","CHN156_00_CN-64","Ningxia, China","China",NA,3
"2022-03-01","CHN156_00_CN-65","Xinjiang, China","China",NA,3
"2022-03-02","DNK208_00_13","Christiansø, Denmark","Denmark",NA,3
"2022-03-01","USA840_CA_6003","Alpine, California, USA","United States",NA,3
"2022-03-01","USA840_CA_6041","Marin, California, USA","United States",NA,3
"2022-03-01","USA840_CO_8053","Hinsdale, Colorado, USA","United States",NA,3
"2022-03-01","USA840_CO_8061","Kiowa, Colorado, USA","United States",NA,3
"2022-03-01","USA840_CO_8079","Mineral, Colorado, USA","United States",NA,3
"2022-03-01","USA840_CO_8111","San Juan, Colorado, USA","United States",NA,3
"2022-03-01","USA840_GA_13061","Clay, Georgia, USA","United States",NA,3
"2022-03-01","USA840_GA_13239","Quitman, Georgia, USA","United States",NA,3
"2022-03-01","USA840_GA_13265","Taliaferro, Georgia, USA","United States",NA,3
"2022-03-01","USA840_HI_15005","Kalawao, Hawaii, USA","United States",NA,3
"2022-03-01","USA840_IL_17047","Edwards, Illinois, USA","United States",NA,3
"2022-03-01","USA840_KS_20075","Hamilton, Kansas, USA","United States",NA,3
"2022-03-01","USA840_MT_30069","Petroleum, Montana, USA","United States",NA,3
"2022-03-01","USA840_MT_30103","Treasure, Montana, USA","United States",NA,3
"2022-03-01","USA840_NE_31007","Banner, Nebraska, USA","United States",NA,3
"2022-03-01","USA840_NE_31083","Harlan, Nebraska, USA","United States",NA,3
"2022-03-01","USA840_NE_31097","Johnson, Nebraska, USA","United States",NA,3
"2022-03-01","USA840_NE_31115","Loup, Nebraska, USA","United States",NA,3
"2022-03-01","USA840_NE_31165","Sioux, Nebraska, USA","United States",NA,3
"2022-03-01","USA840_NE_31171","Thomas, Nebraska, USA","United States",NA,3
"2022-03-01","USA840_ND_38023","Divide, North Dakota, USA","United States",NA,3
"2022-03-01","USA840_ND_38087","Slope, North Dakota, USA","United States",NA,3
"2022-03-01","USA840_OR_41069","Wheeler, Oregon, USA","United States",NA,3
"2022-03-01","USA840_SD_46063","Harding, South Dakota, USA","United States",NA,3
"2022-03-01","USA840_SD_46097","Miner, South Dakota, USA","United States",NA,3
"2022-03-01","USA840_SD_46119","Sully, South Dakota, USA","United States",NA,3
"2022-03-01","USA840_TX_48033","Borden, Texas, USA","United States",NA,3
"2022-03-01","USA840_TX_48155","Foard, Texas, USA","United States",NA,3
"2022-03-01","USA840_UT_49009","Daggett, Utah, USA","United States",NA,3
"2022-03-01","USA840_UT_49015","Emery, Utah, USA","United States",NA,3
"2022-03-01","USA840_VA_51157","Rappahannock, Virginia, USA","United States",NA,3
"2022-03-01","USA840_VA_51775","Salem, Virginia, USA","United States",NA,3
"2022-03-01","USA840_WA_53009","Clallam, Washington, USA","United States",NA,3
"2022-03-01","USA840_WA_53019","Ferry, Washington, USA","United States",NA,3
"2022-03-01","USA840_WA_53021","Franklin, Washington, USA","United States",NA,3
"2022-03-01","USA840_WA_53037","Kittitas, Washington, USA","United States",NA,3
"2022-03-01","USA840_WA_53043","Lincoln, Washington, USA","United States",NA,3
"2022-03-01","USA840_WA_53051","Pend Oreille, Washington, USA","United States",NA,3
"2022-03-01","USA840_WA_53063","Spokane, Washington, USA","United States",NA,3
"2022-03-01","USA840_WA_53069","Wahkiakum, Washington, USA","United States",NA,3
"2021-08-27","CUB192_00_art","Artemisa, Cuba","Cuba",NA,3
"2021-08-27","CUB192_00_cam","Camagüey, Cuba","Cuba",NA,3
"2021-08-27","CUB192_00_cav","Ciego de Ávila, Cuba","Cuba",NA,3
"2021-08-27","CUB192_00_cfg","Cienfuegos, Cuba","Cuba",NA,3
"2021-08-27","CUB192_00_gra","Granma, Cuba","Cuba",NA,3
"2021-08-27","CUB192_00_gtm","Guantánamo, Cuba","Cuba",NA,3
"2021-08-27","CUB192_00_hol","Holguín, Cuba","Cuba",NA,3
"2021-08-27","CUB192_00_ijv","Isla de la Juventud, Cuba","Cuba",NA,3
"2021-08-27","CUB192_00_lha","La Habana, Cuba","Cuba",NA,3
"2021-08-27","CUB192_00_ltu","Las Tunas, Cuba","Cuba",NA,3
"2021-08-27","CUB192_00_mat","Matanzas, Cuba","Cuba",NA,3
"2021-08-27","CUB192_00_may","Mayabeque, Cuba","Cuba",NA,3
"2021-08-27","CUB192_00_pri","Pinar del Río, Cuba","Cuba",NA,3
"2021-08-27","CUB192_00_ssp","Sancti Spíritus, Cuba","Cuba",NA,3
"2021-08-27","CUB192_00_stg","Santiago de Cuba, Cuba","Cuba",NA,3
"2021-08-27","CUB192_00_vcl","Villa Clara, Cuba","Cuba",NA,3
"2022-03-02","DZA12_00_1","Adrar, Algeria","Algeria",NA,3
"2022-03-02","DZA12_00_11","Tamanghasset, Algeria","Algeria",NA,3
"2022-03-02","DZA12_00_14","Tiaret, Algeria","Algeria",NA,3
"2022-03-02","DZA12_00_17","Djelfa, Algeria","Algeria",NA,3
"2022-03-02","DZA12_00_20","Saïda, Algeria","Algeria",NA,3
"2022-03-02","DZA12_00_26","Médéa, Algeria","Algeria",NA,3
"2022-03-02","DZA12_00_28","M'Sila, Algeria","Algeria",NA,3
"2022-03-02","DZA12_00_29","Mascara, Algeria","Algeria",NA,3
"2022-03-02","DZA12_00_3","Laghouat, Algeria","Algeria",NA,3
"2022-03-02","DZA12_00_30","Ouargla, Algeria","Algeria",NA,3
"2022-03-02","DZA12_00_32","El Bayadh, Algeria","Algeria",NA,3
"2022-03-02","DZA12_00_33","Illizi, Algeria","Algeria",NA,3
"2022-03-02","DZA12_00_36","El Tarf, Algeria","Algeria",NA,3
"2022-03-02","DZA12_00_37","Tindouf, Algeria","Algeria",NA,3
"2022-03-02","DZA12_00_38","Tissemsilt, Algeria","Algeria",NA,3
"2022-03-02","DZA12_00_39","El Oued, Algeria","Algeria",NA,3
"2022-03-02","DZA12_00_44","Aïn Defla, Algeria","Algeria",NA,3
"2022-03-02","DZA12_00_47","Ghardaïa, Algeria","Algeria",NA,3
"2022-03-02","DZA12_00_48","Relizane, Algeria","Algeria",NA,3
"2022-03-02","DZA12_00_7","Biskra, Algeria","Algeria",NA,3
"2022-03-01","COK184_00_00","Cook Islands","Cook Islands",NA,3
"2022-03-01","FSM583_00_00","Micronesia","Micronesia",NA,3
"2022-03-01","MHL584_00_00","Marshall Islands","Marshall Islands",NA,3
"2022-03-01","MUS480_00_00","Mauritius","Mauritius",NA,3
"2022-03-01","WSM882_00_00","Samoa","Samoa",NA,3
"2022-03-01","PER604_00_01","Amazonas, Peru","Peru",NA,3
"2022-03-01","PER604_00_03","Apurimac, Peru","Peru",NA,3
"2022-03-01","PER604_00_12","Junin, Peru","Peru",NA,3
"2021-11-14","NGA566_00_NG001","Abia, Nigeria","Nigeria",NA,3
"2021-11-14","NGA566_00_NG002","Adamawa, Nigeria","Nigeria",NA,3
"2021-11-14","NGA566_00_NG003","Akwa Ibom, Nigeria","Nigeria",NA,3
"2021-11-14","NGA566_00_NG004","Anambra, Nigeria","Nigeria",NA,3
"2021-11-14","NGA566_00_NG005","Bauchi, Nigeria","Nigeria",NA,3
"2021-11-14","NGA566_00_NG006","Bayelsa, Nigeria","Nigeria",NA,3
"2021-11-14","NGA566_00_NG007","Benue, Nigeria","Nigeria",NA,3
"2021-11-14","NGA566_00_NG008","Borno, Nigeria","Nigeria",NA,3
"2021-11-14","NGA566_00_NG009","Cross River, Nigeria","Nigeria",NA,3
"2021-11-14","NGA566_00_NG010","Delta, Nigeria","Nigeria",NA,3
"2021-11-14","NGA566_00_NG011","Ebonyi, Nigeria","Nigeria",NA,3
"2021-11-14","NGA566_00_NG012","Edo, Nigeria","Nigeria",NA,3
"2021-11-14","NGA566_00_NG013","Ekiti, Nigeria","Nigeria",NA,3
"2021-11-14","NGA566_00_NG014","Enugu, Nigeria","Nigeria",NA,3
"2021-11-14","NGA566_00_NG015","Federal Capital Territory, Nigeria","Nigeria",NA,3
"2021-11-14","NGA566_00_NG016","Gombe, Nigeria","Nigeria",NA,3
"2021-11-14","NGA566_00_NG017","Imo, Nigeria","Nigeria",NA,3
"2021-11-14","NGA566_00_NG018","Jigawa, Nigeria","Nigeria",NA,3
"2021-11-14","NGA566_00_NG019","Kaduna, Nigeria","Nigeria",NA,3
"2021-11-14","NGA566_00_NG020","Kano, Nigeria","Nigeria",NA,3
"2021-11-14","NGA566_00_NG021","Katsina, Nigeria","Nigeria",NA,3
"2021-11-14","NGA566_00_NG022","Kebbi, Nigeria","Nigeria",NA,3
"2021-11-14","NGA566_00_NG023","Kogi, Nigeria","Nigeria",NA,3
"2021-11-14","NGA566_00_NG024","Kwara, Nigeria","Nigeria",NA,3
"2021-11-14","NGA566_00_NG025","Lagos, Nigeria","Nigeria",NA,3
"2021-11-14","NGA566_00_NG026","Nasarawa, Nigeria","Nigeria",NA,3
"2021-11-14","NGA566_00_NG027","Niger, Nigeria","Nigeria",NA,3
"2021-11-14","NGA566_00_NG028","Ogun, Nigeria","Nigeria",NA,3
"2021-11-14","NGA566_00_NG029","Ondo, Nigeria","Nigeria",NA,3
"2021-11-14","NGA566_00_NG030","Osun, Nigeria","Nigeria",NA,3
"2021-11-14","NGA566_00_NG031","Oyo, Nigeria","Nigeria",NA,3
"2021-11-14","NGA566_00_NG032","Plateau, Nigeria","Nigeria",NA,3
"2021-11-14","NGA566_00_NG033","Rivers, Nigeria","Nigeria",NA,3
"2021-11-14","NGA566_00_NG034","Sokoto, Nigeria","Nigeria",NA,3
"2021-11-14","NGA566_00_NG035","Taraba, Nigeria","Nigeria",NA,3
"2021-11-14","NGA566_00_NG036","Yobe, Nigeria","Nigeria",NA,3
"2021-11-14","NGA566_00_NG037","Zamfara, Nigeria","Nigeria",NA,3
"2021-07-28","TWN158_00_CYI","<U+5609><U+7FA9><U+5E02>/Chiayi City, Taiwan","Taiwan",NA,3
"2021-08-05","TWN158_00_CYQ","<U+5609><U+7FA9><U+7E23>/Chiayi County, Taiwan","Taiwan",NA,3
"2022-01-23","TWN158_00_HSZ","<U+65B0><U+7AF9><U+5E02>/Hsinchu City, Taiwan","Taiwan",NA,3
"2021-06-18","TWN158_00_HUA","<U+82B1><U+84EE><U+7E23>/Hualien County, Taiwan","Taiwan",NA,3
"2022-01-17","TWN158_00_KEE","<U+57FA><U+9686><U+5E02>/Keelung City, Taiwan","Taiwan",NA,3
"2021-05-30","TWN158_00_LIE","<U+9023><U+6C5F><U+7E23>/Lienchiang County, Taiwan","Taiwan",NA,3
"2021-06-28","TWN158_00_NAN","<U+5357><U+6295><U+7E23>/Nantou County, Taiwan","Taiwan",NA,3
"2021-06-07","TWN158_00_PEN","<U+6F8E><U+6E56><U+7E23>/Penghu County, Taiwan","Taiwan",NA,3
"2021-06-10","TWN158_00_TTT","<U+53F0><U+6771><U+7E23>/Taitung County, Taiwan","Taiwan",NA,3
"2021-08-21","TWN158_00_YUN","<U+96F2><U+6797><U+7E23>/Yunlin County, Taiwan","Taiwan",NA,3
"2021-11-15","VEN862_00_1","Amazonas, Venezuela","Venezuela",NA,3
"2021-11-15","VEN862_00_12","Falcón, Venezuela","Venezuela",NA,3
"2021-11-15","VEN862_00_13","Guárico, Venezuela","Venezuela",NA,3
"2021-11-15","VEN862_00_14","Lara, Venezuela","Venezuela",NA,3
"2021-11-15","VEN862_00_15","Mérida, Venezuela","Venezuela",NA,3
"2021-11-15","VEN862_00_16","Miranda, Venezuela","Venezuela",NA,3
"2021-11-15","VEN862_00_17","Monagas, Venezuela","Venezuela",NA,3
"2021-11-15","VEN862_00_19","Portuguesa, Venezuela","Venezuela",NA,3
"2021-11-15","VEN862_00_2","Anzoátegui, Venezuela","Venezuela",NA,3
"2021-11-15","VEN862_00_20","Sucre, Venezuela","Venezuela",NA,3
"2021-11-15","VEN862_00_21","Táchira, Venezuela","Venezuela",NA,3
"2021-11-15","VEN862_00_22","Trujillo, Venezuela","Venezuela",NA,3
"2021-11-15","VEN862_00_24","Yaracuy, Venezuela","Venezuela",NA,3
"2021-11-15","VEN862_00_25","Zulia, Venezuela","Venezuela",NA,3
"2021-11-15","VEN862_00_3","Apure, Venezuela","Venezuela",NA,3
"2021-11-15","VEN862_00_4","Aragua, Venezuela","Venezuela",NA,3
"2021-11-15","VEN862_00_5","Barinas, Venezuela","Venezuela",NA,3
"2021-11-15","VEN862_00_6","Bolívar, Venezuela","Venezuela",NA,3
"2021-11-15","VEN862_00_7","Carabobo, Venezuela","Venezuela",NA,3
"2021-11-15","VEN862_00_8","Cojedes, Venezuela","Venezuela",NA,3
"2022-01-23","COL170_00_05","Antioquia, Colombia","Colombia",NA,3
"2022-01-23","COL170_00_08","Atlántico, Colombia","Colombia",NA,3
"2022-01-23","COL170_00_11","Bogotá D.C., Colombia","Colombia",NA,3
"2022-01-23","COL170_00_13","Bolívar, Colombia","Colombia",NA,3
"2022-01-23","COL170_00_15","Boyacá, Colombia","Colombia",NA,3
"2022-01-23","COL170_00_17","Caldas, Colombia","Colombia",NA,3
"2022-01-23","COL170_00_18","Caquetá, Colombia","Colombia",NA,3
"2022-01-23","COL170_00_19","Cauca, Colombia","Colombia",NA,3
"2022-01-23","COL170_00_20","Cesar, Colombia","Colombia",NA,3
"2022-01-23","COL170_00_23","Córdoba, Colombia","Colombia",NA,3
"2022-01-23","COL170_00_25","Cundinamarca, Colombia","Colombia",NA,3
"2022-01-23","COL170_00_27","Chocó, Colombia","Colombia",NA,3
"2022-01-23","COL170_00_41","Huila, Colombia","Colombia",NA,3
"2022-01-23","COL170_00_44","La Guajira, Colombia","Colombia",NA,3
"2022-01-23","COL170_00_47","Magdalena, Colombia","Colombia",NA,3
"2022-01-23","COL170_00_50","Meta, Colombia","Colombia",NA,3
"2022-01-23","COL170_00_52","Nariño, Colombia","Colombia",NA,3
"2022-01-23","COL170_00_54","Norte de Santander, Colombia","Colombia",NA,3
"2022-01-23","COL170_00_63","Quindío, Colombia","Colombia",NA,3
"2022-01-23","COL170_00_66","Risaralda, Colombia","Colombia",NA,3
"2022-01-23","COL170_00_68","Santander, Colombia","Colombia",NA,3
"2022-01-23","COL170_00_70","Sucre, Colombia","Colombia",NA,3
"2022-01-23","COL170_00_73","Tolima, Colombia","Colombia",NA,3
"2022-01-23","COL170_00_76","Valle Del Cauca, Colombia","Colombia",NA,3
"2022-01-23","COL170_00_81","Arauca, Colombia","Colombia",NA,3
"2022-01-23","COL170_00_85","Casanare, Colombia","Colombia",NA,3
"2022-01-23","COL170_00_86","Putumayo, Colombia","Colombia",NA,3
"2022-01-23","COL170_00_91","Guainía, Colombia","Colombia",NA,3
"2022-01-22","COL170_00_95","Vaupés, Colombia","Colombia",NA,3
"2022-01-23","COL170_00_99","San Andrés and Providencia, Colombia","Colombia",NA,3
"2022-03-02","AFG4_00_AF-BDG","Badghis, Afghanistan","Afghanistan",NA,3
"2022-03-02","AFG4_00_AF-BDS","Badakhshan, Afghanistan","Afghanistan",NA,3
"2020-07-19","AFG4_00_AF-DAY","Daykundi, Afghanistan","Afghanistan",NA,3
"2020-07-19","AFG4_00_AF-HER","Hirat, Afghanistan","Afghanistan",NA,3
"2020-07-19","AFG4_00_AF-JOW","Jawzjan, Afghanistan","Afghanistan",NA,3
"2022-03-02","AFG4_00_AF-KAN","Kandahar, Afghanistan","Afghanistan",NA,3
"2022-03-02","AFG4_00_AF-KAP","Kapisa, Afghanistan","Afghanistan",NA,3
"2020-07-19","AFG4_00_AF-NIM","Nimroz, Afghanistan","Afghanistan",NA,3
"2020-07-19","AFG4_00_AF-NUR","Nuristan, Afghanistan","Afghanistan",NA,3
"2020-07-19","AFG4_00_AF-PAN","Panjsher, Afghanistan","Afghanistan",NA,3
"2022-03-02","AFG4_00_AF-PAR","Parwan, Afghanistan","Afghanistan",NA,3
"2020-07-19","AFG4_00_AF-PIA","Paktya, Afghanistan","Afghanistan",NA,3
"2020-07-19","AFG4_00_AF-SAR","Sari Pul, Afghanistan","Afghanistan",NA,3
"2022-03-02","AFG4_00_AF-URU","Uruzgan, Afghanistan","Afghanistan",NA,3
"2022-01-26","GHA288_NP_00","Northern, Ghana","Ghana",NA,3
"2022-01-09","GHA288_SV_00","Savannah, Ghana","Ghana",NA,3
"01/03/2022","ECU218_EC09_EC0913","Palestina, Guayas, Ecuador","Ecuador",NA,3
"01/03/2022","ECU218_EC14_EC1404","Palora, Morona Santiago, Ecuador","Ecuador",NA,3
"01/03/2022","ECU218_EC14_EC1407","Huamboya, Morona Santiago, Ecuador","Ecuador",NA,3
"01/03/2022","ECU218_EC14_EC1411","Pablo Sexto, Morona Santiago, Ecuador","Ecuador",NA,3
"01/03/2022","ECU218_EC19_EC1904","Yacuambi, Zamora Chinchipe, Ecuador","Ecuador",NA,3
